StartDate,EndDate,Status,IPAddress,Progress,Duration (in seconds),Finished,RecordedDate,ResponseId,RecipientLastName,RecipientFirstName,RecipientEmail,ExternalReference,LocationLatitude,LocationLongitude,DistributionChannel,UserLanguage,intended_vote,rating_positive_1,rating_favor_1,politicalorientation_1,party_identification,party_identification_7_TEXT,cc_concerns_1,cc_concerns_2,cc_concerns_3,cc_concerns_4,engagement_1,engagement_2,engagement_3,engagement_4,engagement_5,media,media_6_TEXT,media_7_TEXT,technical_problem,technical_problem_2_TEXT,repräsentativ,u,participantID
Anfangsdatum,Enddatum,Antworttyp,IP-Adresse,Aktueller Stand,Dauer (in Sekunden),Beendet,Erfassungsdatum,Antwort-ID,Nachname des Empfängers,Vorname des Empfängers,E-Mail des Empfängers,Externe Datenreferenz,Breitengrad des Standorts,Längengrad des Standorts,Verteilungskanal,Benutzersprache,"Wollen Sie das ""Bundesgesetz über die Ziele im Klimaschutz, die Innovation und die Stärkung der Energiesicherheit (Klima- und Innovationsgesetz)"" vom 18. Juni 2023 annehmen?",Ich bewerte das Klima- und Innovationsgesetz als - negativ:positiv,Ich bin ... das Klima- und Innovationsgesetz - gegen:für,"In der Politik spricht man von ""links"" und ""rechts"".

Wie würden Sie persönlich Ihren politischen Standpunkt auf dieser Liste einordnen? - 1",Welche Partei entspricht Ihren Ansichten am meisten? - Selected Choice,Welche Partei entspricht Ihren Ansichten am meisten? - andere Partei - Text,"Geben Sie bitte an inwiefern Sie den folgenden Aussagen je zustimmen. - Ich mache mir Sorgen, dass sich das Klima verändert.",Geben Sie bitte an inwiefern Sie den folgenden Aussagen je zustimmen. - Der Klimawandel hat schwerwiegende Folgen für Mensch und Natur.,Geben Sie bitte an inwiefern Sie den folgenden Aussagen je zustimmen. - Klimaschutz ist wichtig für unsere Zukunft.,Geben Sie bitte an inwiefern Sie den folgenden Aussagen je zustimmen. - Wir müssen das Gleichgewicht des Klimas schützen.,"Wie haben Sie sich über das Thema rund um das Klimagesetz und der Abstimmung informiert? - Mit Verwandten, Freunde, Bekannten, Kollegen darüber unterhalten",Wie haben Sie sich über das Thema rund um das Klimagesetz und der Abstimmung informiert? - Im Fernsehen oder Radio Nachrichten darüber verfolgt und gehört,"Wie haben Sie sich über das Thema rund um das Klimagesetz und der Abstimmung informiert? - Strassenplakate, Abstimmungszeitungen oder Flyer gesehen und gelesen",Wie haben Sie sich über das Thema rund um das Klimagesetz und der Abstimmung informiert? - Zeitungen oder Zeitschriften zum Thema (online oder print) gelesen,"Wie haben Sie sich über das Thema rund um das Klimagesetz und der Abstimmung informiert? - Soziale Medien wie Facebook, Twitter oder Instagram genutzt",Welche der folgenden Zeitschriften oder Zeitungen haben sie benutzt um sich über das Klimaschutzgesetz und die Abstimmung zu informieren? - Selected Choice,Welche der folgenden Zeitschriften oder Zeitungen haben sie benutzt um sich über das Klimaschutzgesetz und die Abstimmung zu informieren? - Andere Regionale Zeitungen - Text,Welche der folgenden Zeitschriften oder Zeitungen haben sie benutzt um sich über das Klimaschutzgesetz und die Abstimmung zu informieren? - Andere - Text,Sind beim Zeichnen Ihrer Mind-Map irgendwelche Probleme aufgetreten? - Selected Choice,"Sind beim Zeichnen Ihrer Mind-Map irgendwelche Probleme aufgetreten? - Ja, und zwar - Text","Inwieweit haben Sie das Gefühl, dass die CAM, die Sie gerade gezeichnet haben, Ihre Gedanken und Gefühle bezüglich des ""Klima- und Innovationsgesetzes"" repräsentiert?",u,participantID
"{""ImportId"":""startDate"",""timeZone"":""Europe/Berlin""}","{""ImportId"":""endDate"",""timeZone"":""Europe/Berlin""}","{""ImportId"":""status""}","{""ImportId"":""ipAddress""}","{""ImportId"":""progress""}","{""ImportId"":""duration""}","{""ImportId"":""finished""}","{""ImportId"":""recordedDate"",""timeZone"":""Europe/Berlin""}","{""ImportId"":""_recordId""}","{""ImportId"":""recipientLastName""}","{""ImportId"":""recipientFirstName""}","{""ImportId"":""recipientEmail""}","{""ImportId"":""externalDataReference""}","{""ImportId"":""locationLatitude""}","{""ImportId"":""locationLongitude""}","{""ImportId"":""distributionChannel""}","{""ImportId"":""userLanguage""}","{""ImportId"":""QID3""}","{""ImportId"":""QID4_1""}","{""ImportId"":""QID5_1""}","{""ImportId"":""QID6_1""}","{""ImportId"":""QID9""}","{""ImportId"":""QID9_7_TEXT""}","{""ImportId"":""QID10_1""}","{""ImportId"":""QID10_2""}","{""ImportId"":""QID10_3""}","{""ImportId"":""QID10_4""}","{""ImportId"":""QID12_8""}","{""ImportId"":""QID12_1""}","{""ImportId"":""QID12_11""}","{""ImportId"":""QID12_10""}","{""ImportId"":""QID12_12""}","{""ImportId"":""QID14""}","{""ImportId"":""QID14_6_TEXT""}","{""ImportId"":""QID14_7_TEXT""}","{""ImportId"":""QID7""}","{""ImportId"":""QID7_2_TEXT""}","{""ImportId"":""QID8""}","{""ImportId"":""u""}","{""ImportId"":""participantID""}"
2023-06-12 17:36:47,2023-06-12 17:37:28,IP-Adresse,185.42.254.18,100,40,Wahr,2023-06-12 17:37:28,R_3CCa4MuDJWCV68Q,,,,,52.1904,7.8659,anonymous,EN,Ja,7,6,5,andere Partei,sdfsadf,stimme nicht zu,stimme eher nicht zu,stimme eher nicht zu,stimme eher zu,Für circa 2-3 Stunden im letzten Monat,Für circa 3-4 Stunden im letzten Monat,Für circa 4-5 Stunden im letzten Monat,Für circa 5-6 Stunden im letzten Monat,Für circa 3-4 Stunden im letzten Monat,SRF,,,Nein,,ein bisschen repräsentativ,,523aa001f490a2e04b04eac38f3bf6f9
2023-06-12 17:51:38,2023-06-12 17:53:02,IP-Adresse,83.78.34.101,100,84,Wahr,2023-06-12 17:53:03,R_1gOOEwZKbNnhdFT,,,,,47.1999,8.8506,anonymous,EN,Nein,5,3,6,Die Mitte,,stimme überhaupt nicht zu,stimme nicht zu,stimme eher zu,stimme eher zu,Für circa 2-3 Stunden im letzten Monat,Für circa 2-3 Stunden im letzten Monat,Für circa 1-2 Stunden im letzten Monat,Für circa 5-6 Stunden im letzten Monat,Für circa 4-5 Stunden im letzten Monat,"SRF,20 Minuten,Blick",,,"Ja, und zwar",die Kästen liessen sich zum Teil nicht direkt miteinander verbinden.,eher repräsentativ,,f86b9e6636c083610a327a3511ca4064
2023-06-12 17:52:08,2023-06-12 17:53:15,IP-Adresse,213.55.242.162,100,67,Wahr,2023-06-12 17:53:16,R_3HG1bZcbps4FYsX,,,,,47.3934,8.5163,anonymous,EN,Ja,8,6,4,Grüne,,stimme zu,stimme voll und ganz zu,stimme voll und ganz zu,stimme voll und ganz zu,Für circa 1-2 Stunden im letzten Monat,Für circa 1-2 Stunden im letzten Monat,Gar nicht,Gar nicht,Gar nicht,,,,Nein,,eher repräsentativ,,54fb3ee0f7d5ca18cb84dba05ace1947
2023-06-12 18:02:43,2023-06-12 18:04:13,IP-Adresse,31.10.149.218,100,90,Wahr,2023-06-12 18:04:14,R_1hZkQjXTXVvdWby,,,,,47.3823,8.5397,anonymous,EN,"Ich habe bereits per Briefwahl mit ""Ja"" gestimmt",6,6,1,SP,,stimme voll und ganz zu,stimme voll und ganz zu,stimme voll und ganz zu,stimme voll und ganz zu,Gar nicht,Gar nicht,Für circa 5-6 Stunden im letzten Monat,Gar nicht,Für circa 5-6 Stunden im letzten Monat,,,,Nein,,ein bisschen unrepräsentativ,,7b15f33c04ba05d87db37b4dbeb45c3a
2023-06-12 18:07:59,2023-06-12 18:09:32,IP-Adresse,213.55.225.152,100,93,Wahr,2023-06-12 18:09:33,R_3kdCrXAAXkmE1X1,,,,,47.3682,8.5671,anonymous,EN,Ja,6,6,8,Keine,,stimme voll und ganz zu,stimme voll und ganz zu,stimme voll und ganz zu,stimme zu,Für circa 1-2 Stunden im letzten Monat,Gar nicht,Gar nicht,Gar nicht,Für circa 1-2 Stunden im letzten Monat,,,,Nein,,etwas unrepräsentativ,,efb93cb61305c50f831dd6641d3938b7
2023-06-12 18:06:45,2023-06-12 18:09:56,IP-Adresse,188.61.197.125,100,191,Wahr,2023-06-12 18:09:57,R_2w6UqZfY1PNOKGF,,,,,47.3857,8.5348,anonymous,EN,Ja,7,6,5,SVP,,stimme zu,stimme voll und ganz zu,stimme voll und ganz zu,stimme zu,Für circa 2-3 Stunden im letzten Monat,Für circa 6-7 Stunden im letzten Monat,Für circa 2-3 Stunden im letzten Monat,Für circa 3-4 Stunden im letzten Monat,Für circa 2-3 Stunden im letzten Monat,"NZZ ( Neue Zürcher Zeitung) / NZZ am Sonntag,SRF,20 Minuten,Blick",,,Nein,,sehr repräsentativ,,bd57643f9c34fc4f9857e7836c51e7f3
2023-06-12 18:08:46,2023-06-12 18:10:30,IP-Adresse,46.253.189.61,100,103,Wahr,2023-06-12 18:10:30,R_2tb5TsCRMxEctWX,,,,,47.5586,8.4693,anonymous,EN,Ja,7,8,4,Grüne,,stimme voll und ganz zu,stimme voll und ganz zu,stimme zu,stimme zu,Für circa 1-2 Stunden im letzten Monat,Für circa 2-3 Stunden im letzten Monat,Gar nicht,Für circa 1-2 Stunden im letzten Monat,Gar nicht,NZZ ( Neue Zürcher Zeitung) / NZZ am Sonntag,,,Nein,,eher repräsentativ,,b8d24f6f79ec532ffb9e552df33fcd34
2023-06-12 18:12:15,2023-06-12 18:14:02,IP-Adresse,77.58.126.36,100,107,Wahr,2023-06-12 18:14:03,R_2bOZ831VkqWGLAT,,,,,47.3387,8.802,anonymous,EN,"Ich habe bereits per Briefwahl mit ""Ja"" gestimmt",7,8,3,SP,,stimme zu,stimme voll und ganz zu,stimme voll und ganz zu,stimme voll und ganz zu,Für circa 1-2 Stunden im letzten Monat,Gar nicht,Für circa 1-2 Stunden im letzten Monat,Für circa 5-6 Stunden im letzten Monat,Für circa 2-3 Stunden im letzten Monat,"SRF,20 Minuten,Tages-Anzeiger,Andere",,Watson,Nein,,eher repräsentativ,,3fa7ed1d3f79210f2458133f63276549
2023-06-12 18:26:29,2023-06-12 18:28:55,IP-Adresse,188.155.2.39,100,145,Wahr,2023-06-12 18:28:56,R_3MPULWhlDYHh060,,,,,47.3512,8.5011,anonymous,EN,Nein,3,4,5,Keine,,stimme eher nicht zu,stimme überhaupt nicht zu,stimme überhaupt nicht zu,stimme überhaupt nicht zu,Gar nicht,Für circa 1-2 Stunden im letzten Monat,Gar nicht,Gar nicht,Gar nicht,,,,Nein,,ein bisschen repräsentativ,,1179820a609e5cb1c53311e9462f900b
2023-06-12 18:37:03,2023-06-12 18:38:57,IP-Adresse,194.56.49.10,100,114,Wahr,2023-06-12 18:38:58,R_OvWKXGk33qmCoVz,,,,,47.3934,8.5163,anonymous,EN,"Ich habe bereits per Briefwahl mit ""Nein"" gestimmt",1,1,9,SVP,,stimme überhaupt nicht zu,stimme überhaupt nicht zu,stimme überhaupt nicht zu,stimme überhaupt nicht zu,Für circa 3-4 Stunden im letzten Monat,Für circa 2-3 Stunden im letzten Monat,Für circa 2-3 Stunden im letzten Monat,Für circa 2-3 Stunden im letzten Monat,Für circa 2-3 Stunden im letzten Monat,Blick,,,Nein,,ein bisschen unrepräsentativ,,4dd8d5a56864a5a7a069597a79527461
2023-06-12 19:06:57,2023-06-12 19:09:33,IP-Adresse,83.76.132.205,100,155,Wahr,2023-06-12 19:09:33,R_exHSmVKYMSIcEpP,,,,,47.3503,8.5561,anonymous,EN,Ja,4,6,5,Keine,,stimme zu,stimme voll und ganz zu,stimme eher zu,stimme eher zu,Gar nicht,Für circa 2-3 Stunden im letzten Monat,Für circa 1-2 Stunden im letzten Monat,Gar nicht,Für circa 1-2 Stunden im letzten Monat,,,,Nein,,ein bisschen repräsentativ,,7d9a8e5d43a837b55322cb4e8d7fbc7c
2023-06-12 19:08:22,2023-06-12 19:10:02,IP-Adresse,179.43.145.229,100,100,Wahr,2023-06-12 19:10:03,R_3Ez4nxQvs5HI25w,,,,,47.3934,8.5163,anonymous,EN,Ja,8,8,10,Grüne,,stimme voll und ganz zu,stimme voll und ganz zu,stimme voll und ganz zu,stimme voll und ganz zu,Für mehr als 7 Stunden im letzten Monat,Für mehr als 7 Stunden im letzten Monat,Für mehr als 7 Stunden im letzten Monat,Für mehr als 7 Stunden im letzten Monat,Für mehr als 7 Stunden im letzten Monat,"Blick,Nordwestschweiz",,,Nein,,sehr repräsentativ,,e8dd08111d340b58cc6a5dfe5301bb61
2023-06-12 19:26:36,2023-06-12 19:28:40,IP-Adresse,94.16.129.42,100,123,Wahr,2023-06-12 19:28:41,R_1l4TWnY65OwoPMZ,,,,,47.4702,7.6011,anonymous,EN,"Ich habe bereits per Briefwahl mit ""Ja"" gestimmt",5,6,6,andere Partei,linker Flügel FDP,stimme zu,stimme zu,stimme zu,stimme eher zu,Für circa 3-4 Stunden im letzten Monat,Für circa 5-6 Stunden im letzten Monat,Für circa 2-3 Stunden im letzten Monat,Für circa 5-6 Stunden im letzten Monat,Gar nicht,"NZZ ( Neue Zürcher Zeitung) / NZZ am Sonntag,SRF,20 Minuten,Blick,baz (Basler Zeitung),Andere Regionale Zeitungen",Watson,,"Ja, und zwar",Bedienung war schwieriger als angenommen,ein bisschen repräsentativ,,ae37c14196d631d19d43391992ea2396
2023-06-12 19:31:16,2023-06-12 19:32:21,IP-Adresse,83.150.28.63,100,65,Wahr,2023-06-12 19:32:21,R_1mRaQNVAcHIrvrx,,,,,46.9447,7.4651,anonymous,EN,"Ich habe bereits per Briefwahl mit ""Ja"" gestimmt",7,8,5,Die Mitte,,stimme voll und ganz zu,stimme voll und ganz zu,stimme voll und ganz zu,stimme voll und ganz zu,Für circa 1-2 Stunden im letzten Monat,Für circa 1-2 Stunden im letzten Monat,Für circa 2-3 Stunden im letzten Monat,Gar nicht,Gar nicht,,,,Nein,,ein bisschen repräsentativ,,c4c74ffd6cadc1c1a003799abe7820cd
2023-06-12 19:42:12,2023-06-12 19:44:22,IP-Adresse,84.74.1.5,100,130,Wahr,2023-06-12 19:44:23,R_0fC7pJ5e8ZrXqIV,,,,,47.0805,8.335,anonymous,EN,Ja,7,7,5,Die Mitte,,stimme voll und ganz zu,stimme voll und ganz zu,stimme voll und ganz zu,stimme voll und ganz zu,Für circa 2-3 Stunden im letzten Monat,Für circa 1-2 Stunden im letzten Monat,Für circa 1-2 Stunden im letzten Monat,Für circa 2-3 Stunden im letzten Monat,Für circa 2-3 Stunden im letzten Monat,"SRF,20 Minuten,Luzerner Zeitung",,,Nein,,ein bisschen unrepräsentativ,,3b241f7a7f7c2a17aef66280d0a62679
2023-06-12 20:11:44,2023-06-12 20:13:37,IP-Adresse,85.1.145.204,100,112,Wahr,2023-06-12 20:13:37,R_3lqhQbc5gibRXu9,,,,,47.3906,8.0373,anonymous,EN,Ja,4,4,5,Keine,,stimme zu,stimme zu,stimme zu,stimme zu,Gar nicht,Gar nicht,Gar nicht,Gar nicht,Für circa 3-4 Stunden im letzten Monat,,,,Nein,,ein bisschen repräsentativ,,169a0325ed3ef2e6d78a2060959689bf
2023-06-12 20:57:11,2023-06-12 20:58:49,IP-Adresse,81.6.10.119,100,98,Wahr,2023-06-12 20:58:50,R_XvqaIRaMo5d1Ffj,,,,,47.3975,8.6209,anonymous,EN,"Ich habe bereits per Briefwahl mit ""Ja"" gestimmt",8,8,5,GLP,,stimme voll und ganz zu,stimme voll und ganz zu,stimme voll und ganz zu,stimme voll und ganz zu,Für circa 3-4 Stunden im letzten Monat,Für circa 3-4 Stunden im letzten Monat,Für circa 2-3 Stunden im letzten Monat,Für circa 3-4 Stunden im letzten Monat,Für circa 3-4 Stunden im letzten Monat,20 Minuten,,,Nein,,ein bisschen unrepräsentativ,,9d1e23a5e9275d067baa8e0b55130efc
2023-06-12 21:17:14,2023-06-12 21:19:29,IP-Adresse,194.230.144.32,100,134,Wahr,2023-06-12 21:19:30,R_1qgjnwoNlhhqQ2E,,,,,47.3851,8.2108,anonymous,EN,Ja,7,8,5,Grüne,,stimme voll und ganz zu,stimme voll und ganz zu,stimme voll und ganz zu,stimme voll und ganz zu,Für circa 4-5 Stunden im letzten Monat,Für circa 3-4 Stunden im letzten Monat,Für circa 1-2 Stunden im letzten Monat,Für circa 1-2 Stunden im letzten Monat,Gar nicht,"NZZ ( Neue Zürcher Zeitung) / NZZ am Sonntag,SRF,20 Minuten",,,Nein,,ein bisschen repräsentativ,,673a77c9bfe734ab021d221321066a54
2023-06-12 21:23:43,2023-06-12 21:25:49,IP-Adresse,83.77.252.214,100,125,Wahr,2023-06-12 21:25:49,R_3EMtLyRId2YM4mI,,,,,47.4272,9.254,anonymous,EN,"Ich habe bereits per Briefwahl mit ""Ja"" gestimmt",6,7,6,SP,,stimme zu,stimme voll und ganz zu,stimme zu,stimme zu,Für circa 1-2 Stunden im letzten Monat,Für circa 2-3 Stunden im letzten Monat,Für circa 1-2 Stunden im letzten Monat,Für circa 3-4 Stunden im letzten Monat,Gar nicht,"SRF,20 Minuten",,,Nein,,eher repräsentativ,,72d8df273847035e7c85497bc76ec857
2023-06-12 21:37:17,2023-06-12 21:38:20,IP-Adresse,31.10.165.113,100,62,Wahr,2023-06-12 21:38:21,R_3MmyXtOAMG3j3vI,,,,,46.9904,6.9339,anonymous,EN,Ja,5,5,5,Die Mitte,,stimme zu,stimme zu,stimme eher zu,stimme eher zu,Für circa 5-6 Stunden im letzten Monat,Für circa 5-6 Stunden im letzten Monat,Für circa 5-6 Stunden im letzten Monat,Für circa 5-6 Stunden im letzten Monat,Für circa 5-6 Stunden im letzten Monat,"20 Minuten,Blick",,,Nein,,weder unrepräsentativ noch repräsentativ,,2725b99ab8f5e6ad47234c11b8109b8a
2023-06-12 21:41:44,2023-06-12 21:46:10,IP-Adresse,31.10.147.91,100,266,Wahr,2023-06-12 21:46:11,R_2pKboBOhka7oQdj,,,,,47.3512,8.5011,anonymous,EN,Ja,8,7,4,GLP,,stimme zu,stimme voll und ganz zu,stimme voll und ganz zu,stimme voll und ganz zu,Für circa 2-3 Stunden im letzten Monat,Für circa 1-2 Stunden im letzten Monat,Für circa 2-3 Stunden im letzten Monat,Für circa 4-5 Stunden im letzten Monat,Für circa 1-2 Stunden im letzten Monat,"NZZ ( Neue Zürcher Zeitung) / NZZ am Sonntag,SRF,20 Minuten,Blick,Tages-Anzeiger",,,Nein,,eher repräsentativ,,99c9d92758e0fab9311dff1ce7d73a95
2023-06-12 21:52:12,2023-06-12 21:53:43,IP-Adresse,179.43.145.232,100,91,Wahr,2023-06-12 21:53:44,R_3LYKDOozrA7Qt2u,,,,,47.3934,8.5163,anonymous,EN,Ja,8,8,10,Grüne,,stimme voll und ganz zu,stimme voll und ganz zu,stimme voll und ganz zu,stimme voll und ganz zu,Für circa 3-4 Stunden im letzten Monat,Für circa 2-3 Stunden im letzten Monat,Für circa 2-3 Stunden im letzten Monat,Für circa 5-6 Stunden im letzten Monat,Für circa 6-7 Stunden im letzten Monat,"20 Minuten,Weltwoche,BZ (Berner Zeitung) / der Bund,baz (Basler Zeitung)",,,Nein,,sehr repräsentativ,,cda05ccda2e1de63b46a2a2bbe77d658
2023-06-12 23:07:45,2023-06-12 23:09:44,IP-Adresse,82.136.82.134,100,119,Wahr,2023-06-12 23:09:44,R_3OiCdCB5eVgnaqI,,,,,47.1102,8.2789,anonymous,EN,Ja,7,7,4,SP,,stimme voll und ganz zu,stimme voll und ganz zu,stimme voll und ganz zu,stimme voll und ganz zu,Für circa 1-2 Stunden im letzten Monat,Für circa 1-2 Stunden im letzten Monat,Gar nicht,Für circa 1-2 Stunden im letzten Monat,Für circa 1-2 Stunden im letzten Monat,"20 Minuten,Blick",,,Nein,,ein bisschen repräsentativ,,f4681aafe78cd242d2eb60a9194e9b00
2023-06-12 23:08:21,2023-06-12 23:10:35,IP-Adresse,80.218.97.28,100,134,Wahr,2023-06-12 23:10:36,R_1qepVQlVRpoyeoj,,,,,47.4496,8.6209,anonymous,EN,Ja,7,7,5,FDP,,stimme voll und ganz zu,stimme voll und ganz zu,stimme zu,stimme eher zu,Für circa 4-5 Stunden im letzten Monat,Für circa 3-4 Stunden im letzten Monat,Für circa 3-4 Stunden im letzten Monat,Für circa 1-2 Stunden im letzten Monat,Für circa 6-7 Stunden im letzten Monat,20 Minuten,,,"Ja, und zwar","Die Verbindungen, haben sich danach aber wieder geklärt mit der Hilfe Funktion.",eher repräsentativ,,231318bd5cb034aa060b1a00a12d06f8
2023-06-13 07:40:05,2023-06-13 07:41:39,IP-Adresse,194.230.144.85,100,93,Wahr,2023-06-13 07:41:40,R_2uq6yh6MIi0wrTo,,,,,47.2576,8.3791,anonymous,EN,"Ich habe bereits per Briefwahl mit ""Ja"" gestimmt",5,6,4,Die Mitte,,stimme zu,stimme zu,stimme zu,stimme zu,Für circa 2-3 Stunden im letzten Monat,Für circa 3-4 Stunden im letzten Monat,Für circa 1-2 Stunden im letzten Monat,Für circa 2-3 Stunden im letzten Monat,Für circa 1-2 Stunden im letzten Monat,"NZZ ( Neue Zürcher Zeitung) / NZZ am Sonntag,SRF,Luzerner Zeitung",,,Nein,,eher repräsentativ,,a61d58375b7761ae849e97bbcbb73573
2023-06-13 07:39:44,2023-06-13 07:46:48,IP-Adresse,46.245.151.226,100,423,Wahr,2023-06-13 07:46:49,R_3s50zSxKorKDxIX,,,,,47.3612,8.1121,anonymous,EN,Ja,4,6,3,SP,,stimme voll und ganz zu,stimme voll und ganz zu,stimme voll und ganz zu,stimme voll und ganz zu,Für circa 1-2 Stunden im letzten Monat,Gar nicht,Gar nicht,Gar nicht,Gar nicht,,,,Nein,,ein bisschen repräsentativ,,206fb2cc574ded75f7499dca5967cf75
2023-06-13 09:11:17,2023-06-13 09:12:44,IP-Adresse,46.14.231.90,100,87,Wahr,2023-06-13 09:12:45,R_A4CD8G6ADsaQnol,,,,,47.4743,9.1203,anonymous,EN,Ja,6,6,4,SP,,stimme eher zu,stimme eher nicht zu,stimme eher zu,stimme eher zu,Für circa 2-3 Stunden im letzten Monat,Für circa 3-4 Stunden im letzten Monat,Für circa 3-4 Stunden im letzten Monat,Für circa 2-3 Stunden im letzten Monat,Für circa 3-4 Stunden im letzten Monat,20 Minuten,,,Nein,,ein bisschen unrepräsentativ,,5835076169154a9b49f3bd1a458f698e
2023-06-13 09:13:44,2023-06-13 09:15:16,IP-Adresse,194.209.137.132,100,92,Wahr,2023-06-13 09:15:17,R_2aXCnCzpig289TU,,,,,47.3604,8.5388,anonymous,EN,Nein,4,4,5,Keine,,stimme eher nicht zu,stimme eher zu,stimme eher zu,stimme eher zu,Für circa 1-2 Stunden im letzten Monat,Für circa 2-3 Stunden im letzten Monat,Für circa 2-3 Stunden im letzten Monat,Für circa 2-3 Stunden im letzten Monat,Für circa 2-3 Stunden im letzten Monat,"NZZ ( Neue Zürcher Zeitung) / NZZ am Sonntag,20 Minuten,Blick",,,Nein,,eher repräsentativ,,d1b5c35aa5936466154d66c536c90483
2023-06-13 09:24:40,2023-06-13 09:40:21,IP-Adresse,195.65.152.114,100,940,Wahr,2023-06-13 09:40:21,R_We7rt2FBIH6EKY1,,,,,46.2075,6.1173,anonymous,EN,Ja,8,7,2,SP,,stimme voll und ganz zu,stimme voll und ganz zu,stimme voll und ganz zu,stimme voll und ganz zu,Für circa 1-2 Stunden im letzten Monat,Für circa 1-2 Stunden im letzten Monat,Gar nicht,Für circa 1-2 Stunden im letzten Monat,Für circa 1-2 Stunden im letzten Monat,"20 Minuten,BZ (Berner Zeitung) / der Bund,Tages-Anzeiger",,,Nein,,eher repräsentativ,,9ff2f6c4d0170beaa21f17806cb524a9
2023-06-13 09:45:37,2023-06-13 09:46:58,IP-Adresse,88.84.12.194,100,81,Wahr,2023-06-13 09:46:59,R_shaje4cZe9JJjZD,,,,,47.163,9.4596,anonymous,EN,Nein,6,4,8,SVP,,stimme zu,stimme zu,stimme zu,stimme zu,Gar nicht,Gar nicht,Gar nicht,Gar nicht,Gar nicht,,,,Nein,,ein bisschen repräsentativ,,143a741a77c35a69bc7ccf18e13bac34
2023-06-13 09:59:17,2023-06-13 10:01:33,IP-Adresse,31.10.147.192,100,136,Wahr,2023-06-13 10:01:34,R_1PS34uB98oUCr5A,,,,,47.3512,8.5011,anonymous,EN,Ja,6,6,5,Keine,,stimme voll und ganz zu,stimme voll und ganz zu,stimme voll und ganz zu,stimme voll und ganz zu,Gar nicht,Für circa 1-2 Stunden im letzten Monat,Für circa 1-2 Stunden im letzten Monat,Für circa 1-2 Stunden im letzten Monat,Für circa 2-3 Stunden im letzten Monat,20 Minuten,,,Nein,,weder unrepräsentativ noch repräsentativ,,68c768f00769393b5cae6cc7f06a031c
2023-06-13 10:19:03,2023-06-13 10:19:46,IP-Adresse,138.190.89.105,100,42,Wahr,2023-06-13 10:19:47,R_diLBOywLQfkIG9H,,,,,47.3512,8.5011,anonymous,EN,Nein,2,4,6,SVP,,stimme eher nicht zu,stimme eher nicht zu,stimme eher zu,stimme nicht zu,Gar nicht,Für circa 3-4 Stunden im letzten Monat,Gar nicht,Für circa 1-2 Stunden im letzten Monat,Gar nicht,Blick,,,Nein,,ein bisschen unrepräsentativ,,e4926954d0ea8da4f34a459c01f52412
2023-06-13 10:24:02,2023-06-13 10:25:30,IP-Adresse,188.154.51.250,100,88,Wahr,2023-06-13 10:25:31,R_2QGS4eUWYzmPQVB,,,,,47.5581,8.894,anonymous,EN,Ja,6,6,5,SP,,stimme zu,stimme zu,stimme zu,stimme zu,Für circa 4-5 Stunden im letzten Monat,Für circa 5-6 Stunden im letzten Monat,Für circa 4-5 Stunden im letzten Monat,Für circa 4-5 Stunden im letzten Monat,Für circa 5-6 Stunden im letzten Monat,"NZZ ( Neue Zürcher Zeitung) / NZZ am Sonntag,20 Minuten,St.Galler Tagblatt,Weltwoche",,,Nein,,ein bisschen repräsentativ,,af7585149f2e8cd9340f76bd82f535da
2023-06-13 10:24:11,2023-06-13 10:28:21,IP-Adresse,85.195.231.3,100,249,Wahr,2023-06-13 10:28:21,R_33vhp2DmhpxHCMr,,,,,46.9331,7.4493,anonymous,EN,Nein,1,1,8,SVP,,stimme überhaupt nicht zu,stimme überhaupt nicht zu,stimme überhaupt nicht zu,stimme überhaupt nicht zu,Für mehr als 7 Stunden im letzten Monat,Für mehr als 7 Stunden im letzten Monat,Für circa 1-2 Stunden im letzten Monat,Für mehr als 7 Stunden im letzten Monat,Für circa 1-2 Stunden im letzten Monat,"NZZ ( Neue Zürcher Zeitung) / NZZ am Sonntag,SRF",,,"Ja, und zwar",12 Minuten zu weing Zeit.,etwas unrepräsentativ,,6b6c2f15d96f1678bee6e5284198c67c
2023-06-13 10:41:12,2023-06-13 10:43:22,IP-Adresse,85.2.207.18,100,130,Wahr,2023-06-13 10:43:23,R_3lxBXfzLgIQEPK9,,,,,47.5507,7.5718,anonymous,EN,Ja,8,7,5,Keine,,stimme voll und ganz zu,stimme voll und ganz zu,stimme voll und ganz zu,stimme voll und ganz zu,Für circa 1-2 Stunden im letzten Monat,Für circa 3-4 Stunden im letzten Monat,Für circa 1-2 Stunden im letzten Monat,Für circa 1-2 Stunden im letzten Monat,Gar nicht,SRF,,,Nein,,eher repräsentativ,,1052ae52402bd63a1e0d4d8766c9f7e2
2023-06-13 10:45:20,2023-06-13 10:47:57,IP-Adresse,62.167.161.249,100,157,Wahr,2023-06-13 10:47:58,R_1Hk6yOFEmAERqo2,,,,,47.3661,8.5243,anonymous,EN,"Ich habe bereits per Briefwahl mit ""Ja"" gestimmt",5,4,5,Die Mitte,,stimme eher zu,stimme voll und ganz zu,stimme voll und ganz zu,stimme eher zu,Für circa 4-5 Stunden im letzten Monat,Für circa 4-5 Stunden im letzten Monat,Für circa 4-5 Stunden im letzten Monat,Für circa 4-5 Stunden im letzten Monat,Gar nicht,"SRF,Tages-Anzeiger",,,Nein,,sehr unrepräsentativ,,30bfd0b81e10b22f244303d1049d53df
2023-06-13 10:47:34,2023-06-13 10:49:16,IP-Adresse,77.67.113.135,100,102,Wahr,2023-06-13 10:49:17,R_2dzidkqmbqwQIIs,,,,,47.3682,8.5671,anonymous,EN,Nein,5,1,10,SVP,,stimme eher zu,stimme voll und ganz zu,stimme zu,stimme zu,Gar nicht,Gar nicht,Gar nicht,Gar nicht,Gar nicht,,,,Nein,,ein bisschen unrepräsentativ,,f7f32b56aa05199183f535fb3b5039a7
2023-06-13 10:45:29,2023-06-13 10:50:19,IP-Adresse,81.62.139.250,100,290,Wahr,2023-06-13 10:50:20,R_3dX2H8tndFGfKtx,,,,,47.1335,8.6099,anonymous,EN,Ja,6,5,6,Die Mitte,,stimme voll und ganz zu,stimme voll und ganz zu,stimme voll und ganz zu,stimme voll und ganz zu,Für circa 1-2 Stunden im letzten Monat,Für circa 1-2 Stunden im letzten Monat,Gar nicht,Für circa 3-4 Stunden im letzten Monat,Gar nicht,"SRF,Tages-Anzeiger",,,Nein,,eher repräsentativ,,07f2609410a93ffc339868844c0df203
2023-06-13 10:51:16,2023-06-13 10:53:02,IP-Adresse,178.197.202.107,100,106,Wahr,2023-06-13 10:53:03,R_33DChVDMsQSZZet,,,,,47.5517,7.5714,anonymous,EN,Nein,4,3,4,SP,,stimme überhaupt nicht zu,stimme eher nicht zu,stimme eher zu,stimme eher zu,Gar nicht,Für circa 1-2 Stunden im letzten Monat,Für circa 1-2 Stunden im letzten Monat,Für circa 1-2 Stunden im letzten Monat,Gar nicht,"20 Minuten,Blick",,,Nein,,ein bisschen repräsentativ,,ca955d9556e60252a4535dd4f347f9a4
2023-06-13 10:52:50,2023-06-13 10:55:20,IP-Adresse,81.221.245.29,100,150,Wahr,2023-06-13 10:55:21,R_3dSLQoJRhhLdZ1Y,,,,,46.6471,7.6018,anonymous,EN,"Ich habe bereits per Briefwahl mit ""Ja"" gestimmt",8,8,7,Keine,,stimme voll und ganz zu,stimme voll und ganz zu,stimme voll und ganz zu,stimme voll und ganz zu,Gar nicht,Für circa 1-2 Stunden im letzten Monat,Für circa 1-2 Stunden im letzten Monat,Für circa 1-2 Stunden im letzten Monat,Gar nicht,SRF,,,"Ja, und zwar","drückt man aus Versehen auf ""Delete"" wird das Kästchen gelöscht",ein bisschen repräsentativ,,2ba3c37129c38aa6c191bdc9c504c371
2023-06-13 10:54:30,2023-06-13 10:56:34,IP-Adresse,165.225.95.44,100,124,Wahr,2023-06-13 10:56:35,R_1n8vsmIZZbxe3rx,,,,,47.3661,8.5243,anonymous,EN,Ja,7,7,6,Keine,,stimme eher zu,stimme eher zu,stimme zu,stimme eher zu,Für circa 1-2 Stunden im letzten Monat,Für circa 1-2 Stunden im letzten Monat,Für circa 1-2 Stunden im letzten Monat,Gar nicht,Gar nicht,,,,Nein,,eher repräsentativ,,82fdef44fa03c92c915ae1953d2525ca
2023-06-13 11:09:27,2023-06-13 11:13:02,IP-Adresse,86.125.60.38,100,215,Wahr,2023-06-13 11:13:03,R_3dEaZOvXPCykwSQ,,,,,47.8037,22.858,anonymous,EN,Nein,3,3,5,FDP,,stimme eher nicht zu,stimme eher nicht zu,stimme eher nicht zu,stimme eher nicht zu,Für circa 3-4 Stunden im letzten Monat,Für circa 4-5 Stunden im letzten Monat,Für circa 3-4 Stunden im letzten Monat,Für circa 4-5 Stunden im letzten Monat,Für circa 3-4 Stunden im letzten Monat,"NZZ ( Neue Zürcher Zeitung) / NZZ am Sonntag,SRF,Weltwoche,Andere",,Swissquote,Nein,,eher repräsentativ,,f3751885f5e83baaeea3036e3a4e971a
2023-06-13 11:11:55,2023-06-13 11:13:21,IP-Adresse,178.238.172.84,100,86,Wahr,2023-06-13 11:13:22,R_cHXBnLmeBQCdW3D,,,,,47.3682,8.5671,anonymous,EN,Nein,3,1,7,Keine,,stimme zu,stimme eher zu,stimme zu,stimme eher zu,Gar nicht,Gar nicht,Gar nicht,Gar nicht,Gar nicht,,,,Nein,,etwas unrepräsentativ,,255fdd82857227c5090ef90502f19d87
2023-06-13 11:26:00,2023-06-13 11:27:12,IP-Adresse,194.158.242.164,100,71,Wahr,2023-06-13 11:27:12,R_1eXHq6PruL3IzkO,,,,,47.3682,8.5671,anonymous,EN,"Ich habe bereits per Briefwahl mit ""Nein"" gestimmt",1,1,6,Keine,,stimme überhaupt nicht zu,stimme überhaupt nicht zu,stimme überhaupt nicht zu,stimme überhaupt nicht zu,Gar nicht,Gar nicht,Für circa 6-7 Stunden im letzten Monat,Gar nicht,Gar nicht,,,,Nein,,weder unrepräsentativ noch repräsentativ,,1cf1ffb47ae95bb5cad935c2b012f996
2023-06-13 11:29:25,2023-06-13 11:32:22,IP-Adresse,84.75.183.46,100,176,Wahr,2023-06-13 11:32:23,R_0pl8ER0He1AcZs5,,,,,46.9354,7.4271,anonymous,EN,Ja,7,7,5,SP,,stimme voll und ganz zu,stimme voll und ganz zu,stimme voll und ganz zu,stimme voll und ganz zu,Für circa 1-2 Stunden im letzten Monat,Für circa 2-3 Stunden im letzten Monat,Für circa 1-2 Stunden im letzten Monat,Für circa 1-2 Stunden im letzten Monat,Für circa 1-2 Stunden im letzten Monat,"NZZ ( Neue Zürcher Zeitung) / NZZ am Sonntag,SRF,20 Minuten,Blick,BZ (Berner Zeitung) / der Bund",,,Nein,,eher repräsentativ,,3b7ebdb8705de76113cde84e42eb5727
2023-06-13 11:48:32,2023-06-13 11:51:06,IP-Adresse,194.11.218.15,100,154,Wahr,2023-06-13 11:51:07,R_3lGfFfAMRVdwyml,,,,,47.2156,9.4339,anonymous,EN,Nein,5,5,5,SVP,,stimme eher zu,stimme voll und ganz zu,stimme zu,stimme zu,Für circa 2-3 Stunden im letzten Monat,Für circa 1-2 Stunden im letzten Monat,Für circa 1-2 Stunden im letzten Monat,Für circa 1-2 Stunden im letzten Monat,Für circa 1-2 Stunden im letzten Monat,SRF,,,Nein,,weder unrepräsentativ noch repräsentativ,,d78ff7f3aa386af26a9686044339f164
2023-06-13 12:12:04,2023-06-13 12:14:35,IP-Adresse,62.167.160.182,100,151,Wahr,2023-06-13 12:14:36,R_xyLBTCNeiZ6w0pP,,,,,47.3857,8.5348,anonymous,EN,Nein,4,4,10,SVP,,stimme eher nicht zu,stimme eher zu,stimme eher nicht zu,stimme eher nicht zu,Gar nicht,Für circa 1-2 Stunden im letzten Monat,Für circa 1-2 Stunden im letzten Monat,Gar nicht,Gar nicht,,,,Nein,,weder unrepräsentativ noch repräsentativ,,8e64dcc8c492025124b2a9fb85dcc93f
2023-06-13 12:26:47,2023-06-13 12:33:41,IP-Adresse,89.251.245.71,100,413,Wahr,2023-06-13 12:33:42,R_265YTXxSEfhKn92,,,,,46.198,9.0222,anonymous,EN,Ja,7,7,7,Grüne,,stimme voll und ganz zu,stimme zu,stimme voll und ganz zu,stimme zu,Für circa 1-2 Stunden im letzten Monat,Für circa 2-3 Stunden im letzten Monat,Für circa 3-4 Stunden im letzten Monat,Für circa 3-4 Stunden im letzten Monat,Für circa 3-4 Stunden im letzten Monat,"20 Minuten,Weltwoche",,,Nein,,ein bisschen repräsentativ,,78341fdccf963109ca77352bd64e30c1
2023-06-13 12:34:18,2023-06-13 12:37:25,IP-Adresse,31.10.144.197,100,187,Wahr,2023-06-13 12:37:26,R_3EhxNq79nrbVQPg,,,,,47.3682,8.5671,anonymous,EN,"Ich habe bereits per Briefwahl mit ""Ja"" gestimmt",8,8,7,Die Mitte,,stimme zu,stimme voll und ganz zu,stimme voll und ganz zu,stimme voll und ganz zu,Für circa 1-2 Stunden im letzten Monat,Für circa 1-2 Stunden im letzten Monat,Gar nicht,Für circa 3-4 Stunden im letzten Monat,Gar nicht,"20 Minuten,Tages-Anzeiger",,,Nein,,eher repräsentativ,,3c9604ef41bd545ade0bf55c3c38f043
2023-06-13 12:45:19,2023-06-13 12:47:31,IP-Adresse,146.241.142.233,100,131,Wahr,2023-06-13 12:47:32,R_3HZId6A6ix9pgrE,,,,,45.9101,9.2603,anonymous,EN,"Ich habe bereits per Briefwahl mit ""Nein"" gestimmt",4,1,5,Keine,,stimme überhaupt nicht zu,stimme eher nicht zu,stimme eher nicht zu,stimme nicht zu,Gar nicht,Gar nicht,Für circa 1-2 Stunden im letzten Monat,Für circa 1-2 Stunden im letzten Monat,Gar nicht,baz (Basler Zeitung),,,"Ja, und zwar","Ich halte nicht viel von ""Mind-Maps""",ein bisschen repräsentativ,,97936272d68cf7588e466f49bfbc645b
2023-06-13 12:45:50,2023-06-13 12:47:57,IP-Adresse,178.39.51.63,100,126,Wahr,2023-06-13 12:47:57,R_12DRSof1XLHUSyW,,,,,47.3444,8.7231,anonymous,EN,"Ich habe bereits per Briefwahl mit ""Ja"" gestimmt",7,8,3,Grüne,,stimme voll und ganz zu,stimme voll und ganz zu,stimme zu,stimme voll und ganz zu,Für circa 2-3 Stunden im letzten Monat,Für circa 1-2 Stunden im letzten Monat,Gar nicht,Für circa 1-2 Stunden im letzten Monat,Gar nicht,SRF,,,Nein,,ein bisschen repräsentativ,,c715fac85a74b8d3bbc16178273a870d
2023-06-13 12:47:17,2023-06-13 12:50:31,IP-Adresse,83.219.124.16,100,193,Wahr,2023-06-13 12:50:32,R_2s7rtAd6EUaabZX,,,,,47.0811,7.3095,anonymous,EN,Ja,7,8,3,andere Partei,EVP,stimme zu,stimme voll und ganz zu,stimme voll und ganz zu,stimme voll und ganz zu,Für circa 2-3 Stunden im letzten Monat,Für circa 3-4 Stunden im letzten Monat,Für circa 1-2 Stunden im letzten Monat,Für circa 2-3 Stunden im letzten Monat,Gar nicht,"SRF,20 Minuten,Blick",,,Nein,,eher repräsentativ,,66fc52efde0b0ef35bbcef47e854c2dd
2023-06-13 13:17:59,2023-06-13 13:19:11,IP-Adresse,178.38.250.241,100,72,Wahr,2023-06-13 13:19:12,R_214igKTPaNfnvSE,,,,,47.2616,8.1836,anonymous,EN,"Ich habe bereits per Briefwahl mit ""Ja"" gestimmt",5,6,5,Keine,,stimme eher nicht zu,stimme zu,stimme zu,stimme zu,Gar nicht,Für circa 5-6 Stunden im letzten Monat,Gar nicht,Für circa 5-6 Stunden im letzten Monat,Gar nicht,"SRF,Andere Regionale Zeitungen",OT,,Nein,,eher repräsentativ,,d07c8e9625c43b7dab732f3abf4abeeb
2023-06-13 14:13:29,2023-06-13 14:15:28,IP-Adresse,188.60.254.76,100,118,Wahr,2023-06-13 14:15:29,R_1MXmJWLzx3550b9,,,,,47.3857,8.5348,anonymous,EN,"Ich habe bereits per Briefwahl mit ""Nein"" gestimmt",3,5,6,Die Mitte,,stimme zu,stimme voll und ganz zu,stimme voll und ganz zu,stimme voll und ganz zu,Gar nicht,Für circa 4-5 Stunden im letzten Monat,Gar nicht,Für circa 1-2 Stunden im letzten Monat,Gar nicht,SRF,,,Nein,,ein bisschen repräsentativ,,49edbab4e64e32dbc6ace662c5a18688
2023-06-13 14:11:34,2023-06-13 14:17:27,IP-Adresse,145.14.209.160,100,353,Wahr,2023-06-13 14:17:27,R_1K0zRsvKbBHIeU3,,,,,47.3975,8.6209,anonymous,EN,Ja,5,5,5,SP,,stimme eher zu,stimme zu,stimme zu,stimme eher zu,Gar nicht,Für circa 1-2 Stunden im letzten Monat,Für circa 2-3 Stunden im letzten Monat,Für circa 1-2 Stunden im letzten Monat,Gar nicht,"SRF,20 Minuten,Blick,Tages-Anzeiger",,,"Ja, und zwar",wegen Zeitdruck war ich unter Stress,ein bisschen repräsentativ,,6076d323ed9aa0aa2c8229e1d44cb8d4
2023-06-13 14:20:36,2023-06-13 14:21:23,IP-Adresse,194.11.223.134,100,46,Wahr,2023-06-13 14:21:23,R_9otFgoJmFbatu1P,,,,,47.4234,9.3696,anonymous,EN,"Ich habe bereits per Briefwahl mit ""Nein"" gestimmt",1,1,10,andere Partei,EDU,stimme überhaupt nicht zu,stimme überhaupt nicht zu,stimme überhaupt nicht zu,stimme überhaupt nicht zu,Gar nicht,Gar nicht,Gar nicht,Gar nicht,Gar nicht,,,,Nein,,ein bisschen unrepräsentativ,,90bbd3ced2d3783563a4e6b38b75e5f3
2023-06-13 14:22:04,2023-06-13 14:24:21,IP-Adresse,62.167.161.249,100,136,Wahr,2023-06-13 14:24:22,R_2VmgkW6sN45jbXk,,,,,47.3661,8.5243,anonymous,EN,Ja,7,7,5,GLP,,stimme voll und ganz zu,stimme voll und ganz zu,stimme voll und ganz zu,stimme voll und ganz zu,Für circa 2-3 Stunden im letzten Monat,Für circa 3-4 Stunden im letzten Monat,Für circa 3-4 Stunden im letzten Monat,Für circa 4-5 Stunden im letzten Monat,Für circa 1-2 Stunden im letzten Monat,"SRF,Tages-Anzeiger",,,Nein,,eher repräsentativ,,cadf87c5e83ba125f8dd214c0caa48b6
2023-06-13 14:40:48,2023-06-13 14:42:17,IP-Adresse,179.43.176.203,100,89,Wahr,2023-06-13 14:42:18,R_PA7MaZKFQQOsOmB,,,,,47.3934,8.5163,anonymous,EN,Ja,8,8,10,Grüne,,stimme voll und ganz zu,stimme voll und ganz zu,stimme voll und ganz zu,stimme voll und ganz zu,Für mehr als 7 Stunden im letzten Monat,Für mehr als 7 Stunden im letzten Monat,Für mehr als 7 Stunden im letzten Monat,Für mehr als 7 Stunden im letzten Monat,Für mehr als 7 Stunden im letzten Monat,"NZZ ( Neue Zürcher Zeitung) / NZZ am Sonntag,SRF,Luzerner Zeitung,BZ (Berner Zeitung) / der Bund,Nordwestschweiz,Tages-Anzeiger",,,Nein,,sehr repräsentativ,,9a95f0b3b6b122310e6ef674bdb77836
2023-06-13 14:42:25,2023-06-13 14:44:49,IP-Adresse,194.41.216.169,100,143,Wahr,2023-06-13 14:44:49,R_23ZurDaYAC3BEJj,,,,,46.9786,7.4483,anonymous,EN,"Ich habe bereits per Briefwahl mit ""Nein"" gestimmt",2,1,9,SVP,,stimme eher nicht zu,stimme eher zu,stimme zu,stimme eher nicht zu,Für circa 1-2 Stunden im letzten Monat,Für circa 2-3 Stunden im letzten Monat,Für circa 1-2 Stunden im letzten Monat,Gar nicht,Gar nicht,,,,Nein,,sehr unrepräsentativ,,1d0f48968dd27c6b9d642cbbabc8d25f
2023-06-13 14:46:24,2023-06-13 14:47:59,IP-Adresse,80.241.112.12,100,95,Wahr,2023-06-13 14:48:00,R_1k0x7D19AftXeuf,,,,,47.1322,9.5115,anonymous,EN,Ja,6,6,4,FDP,,stimme zu,stimme zu,stimme voll und ganz zu,stimme zu,Für circa 1-2 Stunden im letzten Monat,Für circa 4-5 Stunden im letzten Monat,Für circa 2-3 Stunden im letzten Monat,Für circa 3-4 Stunden im letzten Monat,Für circa 1-2 Stunden im letzten Monat,"SRF,Andere Regionale Zeitungen",,,Nein,,weder unrepräsentativ noch repräsentativ,,8f44f76ce6e26208f7345c83e5ea0e55
2023-06-13 14:48:11,2023-06-13 14:48:53,IP-Adresse,179.43.145.229,100,41,Wahr,2023-06-13 14:48:53,R_1OJLnyMHZlMvGAD,,,,,47.3934,8.5163,anonymous,EN,Ja,8,8,10,SVP,,stimme voll und ganz zu,stimme voll und ganz zu,stimme voll und ganz zu,stimme voll und ganz zu,Für mehr als 7 Stunden im letzten Monat,Für mehr als 7 Stunden im letzten Monat,Für mehr als 7 Stunden im letzten Monat,Für mehr als 7 Stunden im letzten Monat,Für mehr als 7 Stunden im letzten Monat,SRF,,,Nein,,weder unrepräsentativ noch repräsentativ,,1ac1c242d7bf3b2229149d786213a27b
2023-06-13 14:48:15,2023-06-13 14:49:09,IP-Adresse,179.43.145.229,100,53,Wahr,2023-06-13 14:49:09,R_1i23GzCZZ08eeox,,,,,47.3934,8.5163,anonymous,EN,Ja,8,8,10,GLP,,stimme voll und ganz zu,stimme voll und ganz zu,stimme voll und ganz zu,stimme voll und ganz zu,Für mehr als 7 Stunden im letzten Monat,Für mehr als 7 Stunden im letzten Monat,Für mehr als 7 Stunden im letzten Monat,Für mehr als 7 Stunden im letzten Monat,Für mehr als 7 Stunden im letzten Monat,"NZZ ( Neue Zürcher Zeitung) / NZZ am Sonntag,BZ (Berner Zeitung) / der Bund,baz (Basler Zeitung),Nordwestschweiz,Tages-Anzeiger",,,Nein,,sehr repräsentativ,,b8d8f68fcd2d8a1e108f70d84134a511
2023-06-13 15:00:45,2023-06-13 15:02:07,IP-Adresse,217.162.242.81,100,82,Wahr,2023-06-13 15:02:08,R_3HA1oo0n8KI6Rmu,,,,,47.3934,8.5163,anonymous,EN,"Ich habe bereits per Briefwahl mit ""Ja"" gestimmt",5,6,6,Keine,,stimme nicht zu,stimme eher zu,stimme eher zu,stimme eher zu,Für circa 1-2 Stunden im letzten Monat,Für circa 1-2 Stunden im letzten Monat,Für circa 1-2 Stunden im letzten Monat,Für circa 1-2 Stunden im letzten Monat,Gar nicht,"NZZ ( Neue Zürcher Zeitung) / NZZ am Sonntag,SRF,20 Minuten,Tages-Anzeiger",,,Nein,,sehr unrepräsentativ,,86f09236c16f2cd24fc82fd3c0a4a93a
2023-06-13 15:15:28,2023-06-13 15:16:03,IP-Adresse,179.43.145.229,100,35,Wahr,2023-06-13 15:16:04,R_SDxCGC1t1NeWIFP,,,,,47.3934,8.5163,anonymous,EN,Ja,8,8,10,SVP,,stimme voll und ganz zu,stimme voll und ganz zu,stimme voll und ganz zu,stimme voll und ganz zu,Für mehr als 7 Stunden im letzten Monat,Für mehr als 7 Stunden im letzten Monat,Für mehr als 7 Stunden im letzten Monat,Für mehr als 7 Stunden im letzten Monat,Für mehr als 7 Stunden im letzten Monat,"NZZ ( Neue Zürcher Zeitung) / NZZ am Sonntag,St.Galler Tagblatt,BZ (Berner Zeitung) / der Bund,Tages-Anzeiger",,,Nein,,sehr repräsentativ,,6fb19b00ee3f25faf3164298b0b4cbce
2023-06-13 15:32:31,2023-06-13 15:34:05,IP-Adresse,85.2.192.186,100,94,Wahr,2023-06-13 15:34:06,R_1DtWBVT1hX96z3J,,,,,47.3682,8.5671,anonymous,EN,"Ich habe bereits per Briefwahl mit ""Ja"" gestimmt",5,6,5,Die Mitte,,stimme zu,stimme voll und ganz zu,stimme zu,stimme voll und ganz zu,Gar nicht,Für circa 1-2 Stunden im letzten Monat,Gar nicht,Für circa 2-3 Stunden im letzten Monat,Gar nicht,SRF,,,Nein,,ein bisschen repräsentativ,,fc73aab98a66cf1e1c955bb6b5878ed2
2023-06-13 16:03:44,2023-06-13 16:08:34,IP-Adresse,213.200.254.89,100,289,Wahr,2023-06-13 16:08:35,R_cuO4FIL135Ynx9D,,,,,47.472,8.5177,anonymous,EN,Ja,5,6,6,SP,,stimme eher zu,stimme zu,stimme zu,stimme eher zu,Für circa 5-6 Stunden im letzten Monat,Für circa 4-5 Stunden im letzten Monat,Für circa 4-5 Stunden im letzten Monat,Für circa 5-6 Stunden im letzten Monat,Für circa 4-5 Stunden im letzten Monat,SRF,,,Nein,,sehr unrepräsentativ,,1d324c50fa06f8e371f72264170e68db
2023-06-13 16:18:44,2023-06-13 16:20:36,IP-Adresse,194.56.48.108,100,112,Wahr,2023-06-13 16:20:37,R_3PLUMVTGJkYtMlV,,,,,47.3823,8.5397,anonymous,EN,Nein,1,1,5,SVP,,stimme eher nicht zu,stimme eher nicht zu,stimme nicht zu,stimme überhaupt nicht zu,Gar nicht,Für circa 1-2 Stunden im letzten Monat,Für circa 1-2 Stunden im letzten Monat,Für circa 1-2 Stunden im letzten Monat,Für circa 1-2 Stunden im letzten Monat,"20 Minuten,Blick",,,Nein,,sehr repräsentativ,,0505bd973d45791f009dd116a23a72bb
2023-06-13 19:18:30,2023-06-13 19:20:13,IP-Adresse,178.238.174.153,100,103,Wahr,2023-06-13 19:20:14,R_32XcT5wJvhjpTpR,,,,,47.3503,8.5561,anonymous,EN,Ja,8,8,3,Grüne,,stimme voll und ganz zu,stimme voll und ganz zu,stimme voll und ganz zu,stimme voll und ganz zu,Für circa 5-6 Stunden im letzten Monat,Für circa 5-6 Stunden im letzten Monat,Für circa 3-4 Stunden im letzten Monat,Für circa 2-3 Stunden im letzten Monat,Für circa 5-6 Stunden im letzten Monat,"NZZ ( Neue Zürcher Zeitung) / NZZ am Sonntag,SRF,20 Minuten,Tages-Anzeiger",,,Nein,,eher repräsentativ,,7ada363edc3c43450feb21d7b3defc06
2023-06-13 19:36:44,2023-06-13 19:40:10,IP-Adresse,138.190.89.71,100,206,Wahr,2023-06-13 19:40:11,R_UbzV0JoKRckG8vL,,,,,47.3512,8.5011,anonymous,EN,Ja,6,6,5,Keine,,stimme zu,stimme voll und ganz zu,stimme voll und ganz zu,stimme voll und ganz zu,Gar nicht,Gar nicht,Gar nicht,Gar nicht,Gar nicht,,,,Nein,,eher repräsentativ,,57d341ecf12da5e5bcae4e351e831b43
2023-06-13 20:02:58,2023-06-13 20:04:22,IP-Adresse,188.60.109.139,100,84,Wahr,2023-06-13 20:04:23,R_1DvzHWVLzFLZZwK,,,,,46.9633,7.4227,anonymous,EN,Ja,6,7,5,Die Mitte,,stimme zu,stimme zu,stimme zu,stimme zu,Gar nicht,Gar nicht,Gar nicht,Gar nicht,Gar nicht,,,,Nein,,ein bisschen repräsentativ,,ac15dee989668d773fb2809e3b55de52
2023-06-13 21:09:16,2023-06-13 21:10:10,IP-Adresse,179.43.176.203,100,53,Wahr,2023-06-13 21:10:11,R_2A0yUBJeNBWuGi8,,,,,47.3934,8.5163,anonymous,EN,Ja,8,8,10,Grüne,,stimme voll und ganz zu,stimme voll und ganz zu,stimme voll und ganz zu,stimme voll und ganz zu,Für mehr als 7 Stunden im letzten Monat,Für mehr als 7 Stunden im letzten Monat,Für mehr als 7 Stunden im letzten Monat,Für mehr als 7 Stunden im letzten Monat,Für mehr als 7 Stunden im letzten Monat,"Weltwoche,Nordwestschweiz",,,Nein,,sehr repräsentativ,,9e8b92320f09a3d52031a46210db9a46
2023-06-13 21:15:19,2023-06-13 21:16:45,IP-Adresse,179.43.176.203,100,86,Wahr,2023-06-13 21:16:46,R_3kiwLxN8itqstGk,,,,,47.3934,8.5163,anonymous,EN,Ja,8,8,10,Grüne,,stimme voll und ganz zu,stimme voll und ganz zu,stimme voll und ganz zu,stimme voll und ganz zu,Für mehr als 7 Stunden im letzten Monat,Für mehr als 7 Stunden im letzten Monat,Für mehr als 7 Stunden im letzten Monat,Für mehr als 7 Stunden im letzten Monat,Für mehr als 7 Stunden im letzten Monat,baz (Basler Zeitung),,,Nein,,sehr repräsentativ,,1ff7f550e06e9267fe4f1050b59e625f
2023-06-13 21:22:18,2023-06-13 21:23:01,IP-Adresse,179.43.176.203,100,43,Wahr,2023-06-13 21:23:02,R_1oF0RP7D1UTVKzt,,,,,47.3934,8.5163,anonymous,EN,Ja,8,8,10,Grüne,,stimme voll und ganz zu,stimme voll und ganz zu,stimme voll und ganz zu,stimme voll und ganz zu,Für mehr als 7 Stunden im letzten Monat,Für mehr als 7 Stunden im letzten Monat,Für mehr als 7 Stunden im letzten Monat,Für mehr als 7 Stunden im letzten Monat,Für mehr als 7 Stunden im letzten Monat,Nordwestschweiz,,,Nein,,sehr repräsentativ,,163291b38fc470668eca137ff7d404c0
2023-06-14 07:54:40,2023-06-14 07:56:36,IP-Adresse,83.77.66.108,100,115,Wahr,2023-06-14 07:56:36,R_3PXm5edLMmMyOuc,,,,,47.5654,7.5706,anonymous,EN,"Ich habe bereits per Briefwahl mit ""Ja"" gestimmt",6,8,7,FDP,,stimme eher zu,stimme eher nicht zu,stimme eher zu,stimme eher zu,Gar nicht,Für circa 3-4 Stunden im letzten Monat,Für circa 3-4 Stunden im letzten Monat,Für circa 4-5 Stunden im letzten Monat,Für circa 3-4 Stunden im letzten Monat,"NZZ ( Neue Zürcher Zeitung) / NZZ am Sonntag,baz (Basler Zeitung)",,,Nein,,weder unrepräsentativ noch repräsentativ,,7e1d4bf40049c8c1635979b1962c89d1
2023-06-14 10:27:02,2023-06-14 10:29:40,IP-Adresse,92.104.254.152,100,158,Wahr,2023-06-14 10:29:41,R_1KweGuDCaTHek6b,,,,,47.1552,8.3406,anonymous,EN,Ja,6,5,5,Keine,,stimme voll und ganz zu,stimme voll und ganz zu,stimme voll und ganz zu,stimme voll und ganz zu,Für circa 3-4 Stunden im letzten Monat,Für circa 3-4 Stunden im letzten Monat,Gar nicht,Für circa 3-4 Stunden im letzten Monat,Gar nicht,"SRF,20 Minuten,Luzerner Zeitung",,,Nein,,eher repräsentativ,,0c55cf9a79f5f75b17fb45e95aa8ae64
2023-06-14 11:01:29,2023-06-14 11:03:39,IP-Adresse,195.176.140.106,100,130,Wahr,2023-06-14 11:03:40,R_cTsj40LOboX7Xi1,,,,,47.4505,8.5255,anonymous,EN,Ja,7,8,6,GLP,,stimme voll und ganz zu,stimme voll und ganz zu,stimme voll und ganz zu,stimme voll und ganz zu,Gar nicht,Für circa 2-3 Stunden im letzten Monat,Gar nicht,Für circa 1-2 Stunden im letzten Monat,Gar nicht,"SRF,Blick,Tages-Anzeiger",,,Nein,,sehr repräsentativ,,d17300c24868b6ca9aa3d9bc8bba7911
2023-06-14 11:22:13,2023-06-14 11:23:35,IP-Adresse,164.128.181.234,100,82,Wahr,2023-06-14 11:23:36,R_9LEoxb0yM9mYV57,,,,,46.9705,7.4809,anonymous,EN,"Ich habe bereits per Briefwahl mit ""Nein"" gestimmt",3,4,5,SP,,stimme zu,stimme voll und ganz zu,stimme zu,stimme zu,Gar nicht,Für circa 1-2 Stunden im letzten Monat,Für circa 1-2 Stunden im letzten Monat,Für circa 1-2 Stunden im letzten Monat,Gar nicht,20 Minuten,,,Nein,,eher repräsentativ,,74e96a132e4d98e735571df9de8a0387
2023-06-14 19:48:30,2023-06-14 19:49:46,IP-Adresse,77.74.98.24,100,76,Wahr,2023-06-14 19:49:47,R_qKRlOTZwk8jR8sh,,,,,46.9698,7.4584,anonymous,EN,Ja,5,8,2,SP,,stimme voll und ganz zu,stimme voll und ganz zu,stimme voll und ganz zu,stimme voll und ganz zu,Für circa 1-2 Stunden im letzten Monat,Für circa 3-4 Stunden im letzten Monat,Für circa 1-2 Stunden im letzten Monat,Für circa 3-4 Stunden im letzten Monat,Für circa 2-3 Stunden im letzten Monat,SRF,,,Nein,,ein bisschen repräsentativ,,28502ef4d570be4b7722ade7afa64815
2023-06-14 19:48:17,2023-06-14 19:49:56,IP-Adresse,85.2.185.42,100,99,Wahr,2023-06-14 19:49:57,R_1ib8Y44dG24lp6I,,,,,46.9234,9.5144,anonymous,EN,Ja,8,7,5,Grüne,,stimme eher zu,stimme voll und ganz zu,stimme voll und ganz zu,stimme voll und ganz zu,Für circa 5-6 Stunden im letzten Monat,Für circa 4-5 Stunden im letzten Monat,Gar nicht,Gar nicht,Für circa 4-5 Stunden im letzten Monat,,,,Nein,,sehr repräsentativ,,161676f622ed41c31f196b332a10fdc9
2023-06-15 13:06:34,2023-06-15 13:10:40,IP-Adresse,178.196.13.216,100,245,Wahr,2023-06-15 13:10:41,R_DJnUfc1zY0FVBrr,,,,,47.2375,8.7196,anonymous,EN,Ja,7,8,2,Keine,,stimme eher nicht zu,stimme zu,stimme voll und ganz zu,stimme voll und ganz zu,Gar nicht,Für circa 1-2 Stunden im letzten Monat,Für circa 1-2 Stunden im letzten Monat,Für circa 1-2 Stunden im letzten Monat,Gar nicht,NZZ ( Neue Zürcher Zeitung) / NZZ am Sonntag,,,"Ja, und zwar",es wurde mir angegeben ich hätte leere Konzepte und ich fand diese erst nicht. Dazu ging ich davon aus ich hätte nur 12 Minuten Zeit und mich darum versucht trotz ungewohntem Tool zu beeilen.,ein bisschen repräsentativ,,60532904fdcb1a2af6e1b30c5e8a423e
2023-06-15 14:22:43,2023-06-15 14:24:49,IP-Adresse,80.248.206.6,100,126,Wahr,2023-06-15 14:24:50,R_1QJEHCPmmQq0U1P,,,,,47.212,9.5337,anonymous,EN,Ja,6,6,6,Keine,,stimme zu,stimme zu,stimme voll und ganz zu,stimme voll und ganz zu,Für circa 1-2 Stunden im letzten Monat,Für circa 1-2 Stunden im letzten Monat,Gar nicht,Für circa 1-2 Stunden im letzten Monat,Für circa 3-4 Stunden im letzten Monat,"20 Minuten,Blick",,,Nein,,eher repräsentativ,,cdcfd31328fe1005bab201e5af696b1e
2023-06-15 21:12:20,2023-06-15 21:13:40,IP-Adresse,46.223.162.144,100,79,Wahr,2023-06-15 21:13:40,R_3PjbwXghnMMorRe,,,,,49.0078,8.4001,anonymous,EN,Ja,8,8,4,Grüne,,stimme zu,stimme zu,stimme voll und ganz zu,stimme voll und ganz zu,Für circa 3-4 Stunden im letzten Monat,Für circa 2-3 Stunden im letzten Monat,Für circa 1-2 Stunden im letzten Monat,Gar nicht,Gar nicht,,,,Nein,,eher repräsentativ,,e33ef810d536a88167520511d8f26ecf
2023-06-16 10:37:18,2023-06-16 10:39:02,IP-Adresse,82.220.107.222,100,103,Wahr,2023-06-16 10:39:03,R_3MygMU92VLQC7Ig,,,,,47.3934,8.5163,anonymous,EN,Nein,2,2,9,SVP,,stimme überhaupt nicht zu,stimme eher zu,stimme voll und ganz zu,stimme voll und ganz zu,Für circa 1-2 Stunden im letzten Monat,Gar nicht,Gar nicht,Für mehr als 7 Stunden im letzten Monat,Gar nicht,"NZZ ( Neue Zürcher Zeitung) / NZZ am Sonntag,Weltwoche",,,Nein,,eher repräsentativ,,1d6e261c84a6814b06b848c0ee88449a
2023-06-17 12:15:27,2023-06-17 12:16:08,IP-Adresse,178.197.201.7,100,41,Wahr,2023-06-17 12:16:09,R_2uOkGR9sSxz78Pv,,,,,47.3113,7.9407,anonymous,EN,"Ich habe bereits per Briefwahl mit ""Ja"" gestimmt",6,6,7,Keine,,stimme zu,stimme nicht zu,stimme eher nicht zu,stimme eher zu,Für circa 5-6 Stunden im letzten Monat,Für circa 3-4 Stunden im letzten Monat,Für circa 3-4 Stunden im letzten Monat,Für circa 4-5 Stunden im letzten Monat,Für circa 4-5 Stunden im letzten Monat,SRF,,,Nein,,etwas unrepräsentativ,,9dbb76441b2f4bd8702d3b2d98f38558
