"";"participantID";"StartDate.x";"EndDate.x";"durationSeconds.x";"consent";"gender";"age";"attention.check";"education";"StartDate.y";"EndDate.y";"durationSeconds.y";"intendedVote";"ratingPositive";"ratingFavor";"politicalOrientation";"partyIdentification";"partyIdentification_text";"cc_concerns_1";"cc_concerns_2";"cc_concerns_3";"cc_concerns_4";"engagement_1";"engagement_2";"engagement_3";"engagement_4";"engagement_5";"media";"media1_text";"media2_text";"technical_problem";"technical_problem_2_TEXT";"representative";"CAM_ID";"mean_valence_macro";"mean_valence_normed_macro";"density_macro";"transitivity_macro";"centr_degree_macro";"centr_clo_macro";"centr_betw_macro";"centr_eigen_macro";"meanDistance_directed_macro";"meanDistance_undirected_macro";"diameter_weighted_undirected_macro";"diameter_unweighted_undirected_macro";"diameter_unweighted_directed_macro";"num_nodes_macro";"num_nodes_pos_macro";"num_nodes_neg_macro";"num_nodes_neut_macro";"num_nodes_ambi_macro";"num_edges_macro";"num_edges_solid_macro";"num_edges_dashed_macro";"num_edges_invaliddashed_macro";"meanWeightEdges_macro";"reciprocity_macro";"assortativity_valence_macro";"assortativityDegree_macro";"degreetot_micro_Klimagesetz";"valence_micro_Klimagesetz";"centr_clo_micro_Klimagesetz"
"1";"0505bd973d45791f009dd116a23a72bb";"2023-06-13 16:07:58";"2023-06-13 16:12:02";243;1;"männlich";56;"Tennisspielen";"Obligatorische Schule";"2023-06-13 16:18:44";"2023-06-13 16:20:36";112;0;1;1;5;"SVP";NA;"stimme eher nicht zu";"stimme eher nicht zu";"stimme nicht zu";"stimme überhaupt nicht zu";"Gar nicht";"Für circa 1-2 Stunden im letzten Monat";"Für circa 1-2 Stunden im letzten Monat";"Für circa 1-2 Stunden im letzten Monat";"Für circa 1-2 Stunden im letzten Monat";"20 Minuten,Blick";NA;NA;"Nein";NA;"sehr repräsentativ";"0505bd973d45791f009dd116a23a72bb";-2,66666666666667;-0,888888888888889;0,222222222222222;0;0,875;1;1;0,738796125036259;1,77777777777778;1,77777777777778;2;2;2;9;0;8;1;0;16;16;0;0;1;1;-1;-1;16;0;1
"2";"07f2609410a93ffc339868844c0df203";"2023-06-13 10:35:06";"2023-06-13 10:41:03";356;1;"männlich";26;"Tennisspielen";"Bachelor/ Master/ Promotion (Dr. / PhD)";"2023-06-13 10:45:29";"2023-06-13 10:50:19";290;1;6;5;6;"Die Mitte";NA;"stimme voll und ganz zu";"stimme voll und ganz zu";"stimme voll und ganz zu";"stimme voll und ganz zu";"Für circa 1-2 Stunden im letzten Monat";"Für circa 1-2 Stunden im letzten Monat";"Gar nicht";"Für circa 3-4 Stunden im letzten Monat";"Gar nicht";"SRF,Tages-Anzeiger";NA;NA;"Nein";NA;"eher repräsentativ";"07f2609410a93ffc339868844c0df203";-0,111111111111111;-0,111111111111111;0,222222222222222;0;0,734375;0,846088435374149;0,933035714285714;0,737354162976623;1,94444444444444;1,94444444444444;3;3;3;9;3;4;1;1;16;16;0;0;1;1;-0,589403973509934;-0,819548872180451;14;0;1
"3";"0c55cf9a79f5f75b17fb45e95aa8ae64";"2023-06-14 10:15:46";"2023-06-14 10:20:23";276;1;"männlich";65;"Tennisspielen";"Obligatorische Schule";"2023-06-14 10:27:02";"2023-06-14 10:29:40";158;1;6;5;5;"Keine";NA;"stimme voll und ganz zu";"stimme voll und ganz zu";"stimme voll und ganz zu";"stimme voll und ganz zu";"Für circa 3-4 Stunden im letzten Monat";"Für circa 3-4 Stunden im letzten Monat";"Gar nicht";"Für circa 3-4 Stunden im letzten Monat";"Gar nicht";"SRF,20 Minuten,Luzerner Zeitung";NA;NA;"Nein";NA;"eher repräsentativ";"0c55cf9a79f5f75b17fb45e95aa8ae64";-0,2;-0,1;0,222222222222222;0;0,246913580246914;0,202448632734477;0,351851851851852;0,542779533507444;2,46666666666667;2,46666666666667;5;5;5;10;0;1;9;0;20;20;0;0;1;1;-0,0526315789473674;-0,702127659574468;4;0;0,947368421052632
"4";"1052ae52402bd63a1e0d4d8766c9f7e2";"2023-06-13 10:22:15";"2023-06-13 10:29:16";421;1;"männlich";59;"Tennisspielen";"Obligatorische Schule";"2023-06-13 10:41:12";"2023-06-13 10:43:22";130;1;8;7;5;"Keine";NA;"stimme voll und ganz zu";"stimme voll und ganz zu";"stimme voll und ganz zu";"stimme voll und ganz zu";"Für circa 1-2 Stunden im letzten Monat";"Für circa 3-4 Stunden im letzten Monat";"Für circa 1-2 Stunden im letzten Monat";"Für circa 1-2 Stunden im letzten Monat";"Gar nicht";"SRF";NA;NA;"Nein";NA;"eher repräsentativ";"1052ae52402bd63a1e0d4d8766c9f7e2";2,66666666666667;1;0,361111111111111;0,357142857142857;0,71875;0,891287284144427;0,741071428571429;0,621302868570473;1,63888888888889;1,63888888888889;2;2;2;9;9;0;0;0;26;26;0;0;1;1;NA;-0,56761412575366;16;3;1
"5";"1179820a609e5cb1c53311e9462f900b";"2023-06-12 18:11:15";"2023-06-12 18:15:29";254;1;"männlich";40;"Tennisspielen";"Obligatorische Schule";"2023-06-12 18:26:29";"2023-06-12 18:28:55";145;0;3;4;5;"Keine";NA;"stimme eher nicht zu";"stimme überhaupt nicht zu";"stimme überhaupt nicht zu";"stimme überhaupt nicht zu";"Gar nicht";"Für circa 1-2 Stunden im letzten Monat";"Gar nicht";"Gar nicht";"Gar nicht";NA;NA;NA;"Nein";NA;"ein bisschen repräsentativ";"1179820a609e5cb1c53311e9462f900b";0;0;0,222222222222222;0;0,03125;0,207658925639221;0,267857142857143;0,383749783617851;3,33333333333333;3,33333333333333;8;8;8;9;4;4;1;0;16;16;0;0;1;1;0,327731092436975;-0,142857142857143;4;0;1
"6";"143a741a77c35a69bc7ccf18e13bac34";"2023-06-13 08:57:38";"2023-06-13 09:33:52";2174;1;"weiblich";52;"Tennisspielen";"Bachelor/ Master/ Promotion (Dr. / PhD)";"2023-06-13 09:45:37";"2023-06-13 09:46:58";81;0;6;4;8;"SVP";NA;"stimme zu";"stimme zu";"stimme zu";"stimme zu";"Gar nicht";"Gar nicht";"Gar nicht";"Gar nicht";"Gar nicht";NA;NA;NA;"Nein";NA;"ein bisschen repräsentativ";"143a741a77c35a69bc7ccf18e13bac34";1,2;0,6;0,2;0;0,271604938271605;0,383178912998417;0,604938271604938;0,697741263646202;4,4;4,4;9;6;6;10;6;0;3;1;18;18;0;0;1,33333333333333;1;0,0999999999999995;-0,255813953488373;8;0;1
"7";"161676f622ed41c31f196b332a10fdc9";"2023-06-14 19:34:24";"2023-06-14 19:39:01";277;1;"weiblich";41;"Tennisspielen";"Hochschulreife / Matur";"2023-06-14 19:48:17";"2023-06-14 19:49:56";99;1;8;7;5;"Grüne";NA;"stimme eher zu";"stimme voll und ganz zu";"stimme voll und ganz zu";"stimme voll und ganz zu";"Für circa 5-6 Stunden im letzten Monat";"Für circa 4-5 Stunden im letzten Monat";"Gar nicht";"Gar nicht";"Für circa 4-5 Stunden im letzten Monat";NA;NA;NA;"Nein";NA;"sehr repräsentativ";"161676f622ed41c31f196b332a10fdc9";0,444444444444444;0,333333333333333;0,444444444444444;0,461538461538462;0,625;0,824175824175825;0,553571428571429;0,571428571428571;1,55555555555556;1,55555555555556;2;2;2;9;4;1;2;2;32;32;0;1;1;1;-0,382059800664452;-0,333333333333333;16;0;1
"8";"169a0325ed3ef2e6d78a2060959689bf";"2023-06-12 19:54:54";"2023-06-12 19:58:57";242;1;"weiblich";26;"Tennisspielen";"Obligatorische Schule";"2023-06-12 20:11:44";"2023-06-12 20:13:37";112;1;4;4;5;"Keine";NA;"stimme zu";"stimme zu";"stimme zu";"stimme zu";"Gar nicht";"Gar nicht";"Gar nicht";"Gar nicht";"Für circa 3-4 Stunden im letzten Monat";NA;NA;NA;"Nein";NA;"ein bisschen repräsentativ";"169a0325ed3ef2e6d78a2060959689bf";0,777777777777778;0,666666666666667;0,222222222222222;0;0,171875;0,389061421670117;0,549107142857143;0,613260931681152;2,83333333333333;2,83333333333333;6;6;6;9;6;0;3;0;16;16;0;0;1;1;0,238095238095238;0;6;0;1
"9";"1d324c50fa06f8e371f72264170e68db";"2023-06-13 15:48:02";"2023-06-13 15:59:33";691;1;"männlich";35;"Tennisspielen";"Obligatorische Schule";"2023-06-13 16:03:44";"2023-06-13 16:08:34";289;1;5;6;6;"SP";NA;"stimme eher zu";"stimme zu";"stimme zu";"stimme eher zu";"Für circa 5-6 Stunden im letzten Monat";"Für circa 4-5 Stunden im letzten Monat";"Für circa 4-5 Stunden im letzten Monat";"Für circa 5-6 Stunden im letzten Monat";"Für circa 4-5 Stunden im letzten Monat";"SRF";NA;NA;"Nein";NA;"sehr unrepräsentativ";"1d324c50fa06f8e371f72264170e68db";-0,5;0;0,25;0;0,204081632653061;0,31351738254417;0,469387755102041;0,491801247789979;2,53571428571429;2,53571428571429;5;5;5;8;3;3;1;1;14;14;0;4;1;1;-0,806451612903225;-0,647058823529411;4;0;0,764705882352941
"10";"1d6e261c84a6814b06b848c0ee88449a";"2023-06-16 10:30:09";"2023-06-16 10:33:36";207;1;"weiblich";56;"Tennisspielen";"Hochschulreife / Matur";"2023-06-16 10:37:18";"2023-06-16 10:39:02";103;0;2;2;9;"SVP";NA;"stimme überhaupt nicht zu";"stimme eher zu";"stimme voll und ganz zu";"stimme voll und ganz zu";"Für circa 1-2 Stunden im letzten Monat";"Gar nicht";"Gar nicht";"Für mehr als 7 Stunden im letzten Monat";"Gar nicht";"NZZ ( Neue Zürcher Zeitung) / NZZ am Sonntag,Weltwoche";NA;NA;"Nein";NA;"eher repräsentativ";"1d6e261c84a6814b06b848c0ee88449a";-1,22222222222222;-0,444444444444444;0,222222222222222;0;0,875;1;1;0,738796125036258;1,77777777777778;1,77777777777778;2;2;2;9;2;6;1;0;16;16;0;0;1;1;-0,806451612903226;-1;16;0;1
"11";"206fb2cc574ded75f7499dca5967cf75";"2023-06-13 07:30:10";"2023-06-13 07:33:39";208;1;"weiblich";18;"Tennisspielen";"Obligatorische Schule";"2023-06-13 07:39:44";"2023-06-13 07:46:48";423;1;4;6;3;"SP";NA;"stimme voll und ganz zu";"stimme voll und ganz zu";"stimme voll und ganz zu";"stimme voll und ganz zu";"Für circa 1-2 Stunden im letzten Monat";"Gar nicht";"Gar nicht";"Gar nicht";"Gar nicht";NA;NA;NA;"Nein";NA;"ein bisschen repräsentativ";"206fb2cc574ded75f7499dca5967cf75";0,5;0,3;0,244444444444444;0,107142857142857;0,469135802469136;0,546447348338796;0,58641975308642;0,61780084844279;2;2;3;3;3;10;5;2;3;0;22;22;0;1;1;1;0,208633093525179;-0,690661478599221;12;0;1
"12";"231318bd5cb034aa060b1a00a12d06f8";"2023-06-12 22:53:37";"2023-06-12 22:57:09";211;1;"männlich";18;"Tennisspielen";"Obligatorische Schule";"2023-06-12 23:08:21";"2023-06-12 23:10:35";134;1;7;7;5;"FDP";NA;"stimme voll und ganz zu";"stimme voll und ganz zu";"stimme zu";"stimme eher zu";"Für circa 4-5 Stunden im letzten Monat";"Für circa 3-4 Stunden im letzten Monat";"Für circa 3-4 Stunden im letzten Monat";"Für circa 1-2 Stunden im letzten Monat";"Für circa 6-7 Stunden im letzten Monat";"20 Minuten";NA;NA;"Ja, und zwar";"Die Verbindungen, haben sich danach aber wieder geklärt mit der Hilfe Funktion.";"eher repräsentativ";"231318bd5cb034aa060b1a00a12d06f8";0,888888888888889;0,333333333333333;0,361111111111111;0,214285714285714;0,296875;0,414984175488377;0,301339285714286;0,52406415492544;1,83333333333333;1,83333333333333;3;3;3;9;5;2;2;0;26;26;0;2;1;1;-0,147792706333974;-0,0242424242424234;10;0;1
"13";"255fdd82857227c5090ef90502f19d87";"2023-06-13 10:55:45";"2023-06-13 11:00:38";293;1;"weiblich";53;"Tennisspielen";"Obligatorische Schule";"2023-06-13 11:11:55";"2023-06-13 11:13:21";86;0;3;1;7;"Keine";NA;"stimme zu";"stimme eher zu";"stimme zu";"stimme eher zu";"Gar nicht";"Gar nicht";"Gar nicht";"Gar nicht";"Gar nicht";NA;NA;NA;"Nein";NA;"etwas unrepräsentativ";"255fdd82857227c5090ef90502f19d87";-1;-0,333333333333333;0,25;0,1;0,84375;0,979591836734694;0,964285714285714;0,714285714285715;1,75;1,75;2;2;2;9;1;4;2;2;18;18;0;0;1;1;-0,433628318584071;-0,867346938775511;16;0;1
"14";"28502ef4d570be4b7722ade7afa64815";"2023-06-14 19:34:42";"2023-06-14 19:41:26";404;1;"weiblich";41;"Tennisspielen";"Obligatorische Schule";"2023-06-14 19:48:30";"2023-06-14 19:49:46";76;1;5;8;2;"SP";NA;"stimme voll und ganz zu";"stimme voll und ganz zu";"stimme voll und ganz zu";"stimme voll und ganz zu";"Für circa 1-2 Stunden im letzten Monat";"Für circa 3-4 Stunden im letzten Monat";"Für circa 1-2 Stunden im letzten Monat";"Für circa 3-4 Stunden im letzten Monat";"Für circa 2-3 Stunden im letzten Monat";"SRF";NA;NA;"Nein";NA;"ein bisschen repräsentativ";"28502ef4d570be4b7722ade7afa64815";1,125;0,375;0,357142857142857;0,260869565217391;0,571428571428571;0,705212842712843;0,700680272108844;0,607270268226224;3,28571428571429;3,28571428571429;8;3;3;8;5;2;0;1;20;20;0;3;1,8;1;-0,286549707602338;-0,510574018126888;12;3;1
"15";"2ba3c37129c38aa6c191bdc9c504c371";"2023-06-13 10:32:10";"2023-06-13 10:41:14";543;1;"männlich";50;"Tennisspielen";"Hochschulreife / Matur";"2023-06-13 10:52:50";"2023-06-13 10:55:20";150;1;8;8;7;"Keine";NA;"stimme voll und ganz zu";"stimme voll und ganz zu";"stimme voll und ganz zu";"stimme voll und ganz zu";"Gar nicht";"Für circa 1-2 Stunden im letzten Monat";"Für circa 1-2 Stunden im letzten Monat";"Für circa 1-2 Stunden im letzten Monat";"Gar nicht";"SRF";NA;NA;"Ja, und zwar";"drückt man aus Versehen auf ""Delete"" wird das Kästchen gelöscht";"ein bisschen repräsentativ";"2ba3c37129c38aa6c191bdc9c504c371";-0,3;-0,3;0,222222222222222;0,166666666666667;0,37037037037037;0,480510010822511;0,577160493827161;0,675326767136637;2,4;2,4;5;5;5;10;2;5;1;2;20;20;0;0;1;1;0,347826086956521;-0,296296296296296;10;0;1
"16";"30bfd0b81e10b22f244303d1049d53df";"2023-06-13 10:28:32";"2023-06-13 10:35:32";420;1;"männlich";64;"Tennisspielen";"Hochschulreife / Matur";"2023-06-13 10:45:20";"2023-06-13 10:47:57";157;1;5;4;5;"Die Mitte";NA;"stimme eher zu";"stimme voll und ganz zu";"stimme voll und ganz zu";"stimme eher zu";"Für circa 4-5 Stunden im letzten Monat";"Für circa 4-5 Stunden im letzten Monat";"Für circa 4-5 Stunden im letzten Monat";"Für circa 4-5 Stunden im letzten Monat";"Gar nicht";"SRF,Tages-Anzeiger";NA;NA;"Nein";NA;"sehr unrepräsentativ";"30bfd0b81e10b22f244303d1049d53df";0;0;0,416666666666667;0,375;0,375;0,477952719549358;0,313616071428571;0,503944205177409;1,69444444444444;1,69444444444444;3;3;3;9;1;1;0;7;30;30;0;0;1;1;-0,363636363636363;-0,157142857142856;6;0;0,769230769230769
"17";"3b241f7a7f7c2a17aef66280d0a62679";"2023-06-12 19:24:34";"2023-06-12 19:29:36";302;1;"weiblich";43;"Tennisspielen";"Hochschulreife / Matur";"2023-06-12 19:42:12";"2023-06-12 19:44:22";130;1;7;7;5;"Die Mitte";NA;"stimme voll und ganz zu";"stimme voll und ganz zu";"stimme voll und ganz zu";"stimme voll und ganz zu";"Für circa 2-3 Stunden im letzten Monat";"Für circa 1-2 Stunden im letzten Monat";"Für circa 1-2 Stunden im letzten Monat";"Für circa 2-3 Stunden im letzten Monat";"Für circa 2-3 Stunden im letzten Monat";"SRF,20 Minuten,Luzerner Zeitung";NA;NA;"Nein";NA;"ein bisschen unrepräsentativ";"3b241f7a7f7c2a17aef66280d0a62679";0;0,111111111111111;0,222222222222222;0;0,3125;0,432090812913794;0,540178571428571;0,579880046098391;2,38888888888889;2,38888888888889;4;4;4;9;4;3;1;1;16;16;0;0;1;1;-0,245508982035928;-0,666666666666667;6;0;1
"18";"3b7ebdb8705de76113cde84e42eb5727";"2023-06-13 11:06:07";"2023-06-13 11:18:05";717;1;"weiblich";20;"Tennisspielen";"Hochschulreife / Matur";"2023-06-13 11:29:25";"2023-06-13 11:32:22";176;1;7;7;5;"SP";NA;"stimme voll und ganz zu";"stimme voll und ganz zu";"stimme voll und ganz zu";"stimme voll und ganz zu";"Für circa 1-2 Stunden im letzten Monat";"Für circa 2-3 Stunden im letzten Monat";"Für circa 1-2 Stunden im letzten Monat";"Für circa 1-2 Stunden im letzten Monat";"Für circa 1-2 Stunden im letzten Monat";"NZZ ( Neue Zürcher Zeitung) / NZZ am Sonntag,SRF,20 Minuten,Blick,BZ (Berner Zeitung) / der Bund";NA;NA;"Nein";NA;"eher repräsentativ";"3b7ebdb8705de76113cde84e42eb5727";0,888888888888889;0,444444444444444;0,222222222222222;0;0,453125;0,617059570863919;0,767857142857143;0,694048177262765;2,22222222222222;2,22222222222222;4;4;4;9;6;2;1;0;16;16;0;1;1;1;-0,384615384615385;-0,555555555555556;10;0;1
"19";"3c9604ef41bd545ade0bf55c3c38f043";"2023-06-13 11:51:27";"2023-06-13 12:21:57";1829;1;"männlich";69;"Tennisspielen";"Hochschulreife / Matur";"2023-06-13 12:34:18";"2023-06-13 12:37:25";187;1;8;8;7;"Die Mitte";NA;"stimme zu";"stimme voll und ganz zu";"stimme voll und ganz zu";"stimme voll und ganz zu";"Für circa 1-2 Stunden im letzten Monat";"Für circa 1-2 Stunden im letzten Monat";"Gar nicht";"Für circa 3-4 Stunden im letzten Monat";"Gar nicht";"20 Minuten,Tages-Anzeiger";NA;NA;"Nein";NA;"eher repräsentativ";"3c9604ef41bd545ade0bf55c3c38f043";0,461538461538462;0,307692307692308;0,256410256410256;0,4;0,354166666666667;0,513320844882711;0,440446127946128;0,64619723294859;2,16666666666667;2,16666666666667;4;4;4;13;6;2;4;1;40;40;0;5;1;1;-0,0666666666666664;-0,283333333333333;6;0;0,586206896551724
"20";"3fa7ed1d3f79210f2458133f63276549";"2023-06-12 17:58:47";"2023-06-12 18:02:06";198;1;"männlich";39;"Tennisspielen";"Hochschulreife / Matur";"2023-06-12 18:12:15";"2023-06-12 18:14:02";107;1;7;8;3;"SP";NA;"stimme zu";"stimme voll und ganz zu";"stimme voll und ganz zu";"stimme voll und ganz zu";"Für circa 1-2 Stunden im letzten Monat";"Gar nicht";"Für circa 1-2 Stunden im letzten Monat";"Für circa 5-6 Stunden im letzten Monat";"Für circa 2-3 Stunden im letzten Monat";"SRF,20 Minuten,Tages-Anzeiger,Andere";NA;"Watson";"Nein";NA;"eher repräsentativ";"3fa7ed1d3f79210f2458133f63276549";1,27272727272727;0,363636363636364;0,181818181818182;0;0,46;0,628870485392224;0,811111111111111;0,736925246389341;2,36363636363636;2,36363636363636;4;4;4;11;7;3;1;0;20;20;0;1;1;1;-0,0526315789473697;-0,465116279069767;12;0;1
"21";"49edbab4e64e32dbc6ace662c5a18688";"2023-06-13 14:01:18";"2023-06-13 14:06:26";308;1;"männlich";65;"Tennisspielen";"Hochschulreife / Matur";"2023-06-13 14:13:29";"2023-06-13 14:15:28";118;0;3;5;6;"Die Mitte";NA;"stimme zu";"stimme voll und ganz zu";"stimme voll und ganz zu";"stimme voll und ganz zu";"Gar nicht";"Für circa 4-5 Stunden im letzten Monat";"Gar nicht";"Für circa 1-2 Stunden im letzten Monat";"Gar nicht";"SRF";NA;NA;"Nein";NA;"ein bisschen repräsentativ";"49edbab4e64e32dbc6ace662c5a18688";-0,625;-0,25;0,321428571428571;0,176470588235294;0,448979591836735;0,61073343079922;0,659863945578231;0,604019549714316;1,96428571428571;1,96428571428571;4;4;4;8;1;3;4;0;18;18;0;1;1;1;-9,99200722162641e-16;-0,39751552795031;10;-2;1
"22";"54fb3ee0f7d5ca18cb84dba05ace1947";"2023-06-12 17:45:56";"2023-06-12 17:49:43";226;1;"männlich";25;"Tennisspielen";"Bachelor/ Master/ Promotion (Dr. / PhD)";"2023-06-12 17:52:08";"2023-06-12 17:53:15";67;1;8;6;4;"Grüne";NA;"stimme zu";"stimme voll und ganz zu";"stimme voll und ganz zu";"stimme voll und ganz zu";"Für circa 1-2 Stunden im letzten Monat";"Für circa 1-2 Stunden im letzten Monat";"Gar nicht";"Gar nicht";"Gar nicht";NA;NA;NA;"Nein";NA;"eher repräsentativ";"54fb3ee0f7d5ca18cb84dba05ace1947";0;0;0,222222222222222;0;0,875;1;1;0,738796125036259;1,77777777777778;1,77777777777778;2;2;2;9;1;1;7;0;16;16;0;0;1;1;-0,126760563380282;-1;16;0;1
"23";"57d341ecf12da5e5bcae4e351e831b43";"2023-06-13 19:22:23";"2023-06-13 19:27:45";322;1;"weiblich";41;"Tennisspielen";"Hochschulreife / Matur";"2023-06-13 19:36:44";"2023-06-13 19:40:10";206;1;6;6;5;"Keine";NA;"stimme zu";"stimme voll und ganz zu";"stimme voll und ganz zu";"stimme voll und ganz zu";"Gar nicht";"Gar nicht";"Gar nicht";"Gar nicht";"Gar nicht";NA;NA;NA;"Nein";NA;"eher repräsentativ";"57d341ecf12da5e5bcae4e351e831b43";0,5;0,25;0,25;0;0,530612244897959;0,655535749653397;0,782312925170068;0,680025452668151;2,03571428571429;2,03571428571429;3;3;3;8;4;2;2;0;14;14;0;1;1;1;-0,833333333333334;-0,738562091503268;10;0;1
"24";"5835076169154a9b49f3bd1a458f698e";"2023-06-13 09:01:18";"2023-06-13 09:04:04";166;1;"männlich";24;"Tennisspielen";"Obligatorische Schule";"2023-06-13 09:11:17";"2023-06-13 09:12:44";87;1;6;6;4;"SP";NA;"stimme eher zu";"stimme eher nicht zu";"stimme eher zu";"stimme eher zu";"Für circa 2-3 Stunden im letzten Monat";"Für circa 3-4 Stunden im letzten Monat";"Für circa 3-4 Stunden im letzten Monat";"Für circa 2-3 Stunden im letzten Monat";"Für circa 3-4 Stunden im letzten Monat";"20 Minuten";NA;NA;"Nein";NA;"ein bisschen unrepräsentativ";"5835076169154a9b49f3bd1a458f698e";0,5;0,375;0,285714285714286;0,25;0,326530612244898;0,434498875307699;0,517006802721088;0,622321740167297;2,28571428571429;2,28571428571429;5;5;5;8;4;1;3;0;16;16;0;2;1;1;0;-0,222222222222222;8;0;1
"25";"60532904fdcb1a2af6e1b30c5e8a423e";"2023-06-15 12:17:54";"2023-06-15 12:23:17";322;1;"weiblich";40;"Tennisspielen";"Hochschulreife / Matur";"2023-06-15 13:06:34";"2023-06-15 13:10:40";245;1;7;8;2;"Keine";NA;"stimme eher nicht zu";"stimme zu";"stimme voll und ganz zu";"stimme voll und ganz zu";"Gar nicht";"Für circa 1-2 Stunden im letzten Monat";"Für circa 1-2 Stunden im letzten Monat";"Für circa 1-2 Stunden im letzten Monat";"Gar nicht";"NZZ ( Neue Zürcher Zeitung) / NZZ am Sonntag";NA;NA;"Ja, und zwar";"es wurde mir angegeben ich hätte leere Konzepte und ich fand diese erst nicht. Dazu ging ich davon aus ich hätte nur 12 Minuten Zeit und mich darum versucht trotz ungewohntem Tool zu beeilen.";"ein bisschen repräsentativ";"60532904fdcb1a2af6e1b30c5e8a423e";1;0,357142857142857;0,197802197802198;0,263157894736842;0,449704142011834;0,510881715200476;0,574950690335306;0,687522686706278;2,30769230769231;2,30769230769231;5;5;5;14;8;3;0;3;36;36;0;3;1,11111111111111;1;-0,147826086956522;-0,484978540772532;12;3;0,904761904761905
"26";"6076d323ed9aa0aa2c8229e1d44cb8d4";"2023-06-13 13:41:56";"2023-06-13 13:52:59";662;1;"männlich";51;"Tennisspielen";"Bachelor/ Master/ Promotion (Dr. / PhD)";"2023-06-13 14:11:34";"2023-06-13 14:17:27";353;1;5;5;5;"SP";NA;"stimme eher zu";"stimme zu";"stimme zu";"stimme eher zu";"Gar nicht";"Für circa 1-2 Stunden im letzten Monat";"Für circa 2-3 Stunden im letzten Monat";"Für circa 1-2 Stunden im letzten Monat";"Gar nicht";"SRF,20 Minuten,Blick,Tages-Anzeiger";NA;NA;"Ja, und zwar";"wegen Zeitdruck war ich unter Stress";"ein bisschen repräsentativ";"6076d323ed9aa0aa2c8229e1d44cb8d4";-0,375;-0,375;0,285714285714286;0;0,489795918367347;0,616320063378887;0,687074829931973;0,611574815012089;1,96428571428571;1,96428571428571;3;3;3;8;2;5;1;0;16;16;0;1;1;1;-0,00699300699300699;-0,660377358490566;10;0;1
"27";"66fc52efde0b0ef35bbcef47e854c2dd";"2023-06-13 12:33:54";"2023-06-13 12:41:06";431;1;"männlich";60;"Tennisspielen";"Obligatorische Schule";"2023-06-13 12:47:17";"2023-06-13 12:50:31";193;1;7;8;3;"andere Partei";"EVP";"stimme zu";"stimme voll und ganz zu";"stimme voll und ganz zu";"stimme voll und ganz zu";"Für circa 2-3 Stunden im letzten Monat";"Für circa 3-4 Stunden im letzten Monat";"Für circa 1-2 Stunden im letzten Monat";"Für circa 2-3 Stunden im letzten Monat";"Gar nicht";"SRF,20 Minuten,Blick";NA;NA;"Nein";NA;"eher repräsentativ";"66fc52efde0b0ef35bbcef47e854c2dd";1,33333333333333;0,666666666666667;0,277777777777778;0;0,25;0,479500891265597;0,506696428571429;0,549093128954628;2,22222222222222;2,22222222222222;4;4;4;9;7;1;1;0;20;20;0;0;1;1;0,14691943127962;-0,31868131868132;6;0;0,8
"28";"673a77c9bfe734ab021d221321066a54";"2023-06-12 20:58:09";"2023-06-12 21:07:13";544;1;"männlich";39;"Tennisspielen";"Bachelor/ Master/ Promotion (Dr. / PhD)";"2023-06-12 21:17:14";"2023-06-12 21:19:29";134;1;7;8;5;"Grüne";NA;"stimme voll und ganz zu";"stimme voll und ganz zu";"stimme voll und ganz zu";"stimme voll und ganz zu";"Für circa 4-5 Stunden im letzten Monat";"Für circa 3-4 Stunden im letzten Monat";"Für circa 1-2 Stunden im letzten Monat";"Für circa 1-2 Stunden im letzten Monat";"Gar nicht";"NZZ ( Neue Zürcher Zeitung) / NZZ am Sonntag,SRF,20 Minuten";NA;NA;"Nein";NA;"ein bisschen repräsentativ";"673a77c9bfe734ab021d221321066a54";1;0,333333333333333;0,222222222222222;0;0,3125;0,54745486711431;0,700892857142857;0,658756228911861;2,38888888888889;2,38888888888889;4;4;4;9;4;1;3;1;16;16;0;2;1;1;0,272727272727273;-0,28735632183908;6;0;0,8
"29";"68c768f00769393b5cae6cc7f06a031c";"2023-06-13 09:49:47";"2023-06-13 09:52:13";145;1;"weiblich";25;"Tennisspielen";"Obligatorische Schule";"2023-06-13 09:59:17";"2023-06-13 10:01:33";136;1;6;6;5;"Keine";NA;"stimme voll und ganz zu";"stimme voll und ganz zu";"stimme voll und ganz zu";"stimme voll und ganz zu";"Gar nicht";"Für circa 1-2 Stunden im letzten Monat";"Für circa 1-2 Stunden im letzten Monat";"Für circa 1-2 Stunden im letzten Monat";"Für circa 2-3 Stunden im letzten Monat";"20 Minuten";NA;NA;"Nein";NA;"weder unrepräsentativ noch repräsentativ";"68c768f00769393b5cae6cc7f06a031c";0,545454545454545;0,272727272727273;0,181818181818182;0;0,35;0,54051724137931;0,708888888888889;0,680606515123801;2,4;2,4;4;4;4;11;5;2;3;1;20;20;0;1;1;1;-0,235955056179775;-0,577060931899641;10;0;1
"30";"72d8df273847035e7c85497bc76ec857";"2023-06-12 21:12:25";"2023-06-12 21:17:52";326;1;"männlich";37;"Tennisspielen";"Obligatorische Schule";"2023-06-12 21:23:43";"2023-06-12 21:25:49";125;1;6;7;6;"SP";NA;"stimme zu";"stimme voll und ganz zu";"stimme zu";"stimme zu";"Für circa 1-2 Stunden im letzten Monat";"Für circa 2-3 Stunden im letzten Monat";"Für circa 1-2 Stunden im letzten Monat";"Für circa 3-4 Stunden im letzten Monat";"Gar nicht";"SRF,20 Minuten";NA;NA;"Nein";NA;"eher repräsentativ";"72d8df273847035e7c85497bc76ec857";0,0909090909090909;-0,0909090909090909;0,2;0;0,33;0,45563490320646;0,661111111111111;0,685429587549158;2,69090909090909;2,69090909090909;6;6;6;11;3;4;4;0;22;22;0;2;1;1;0,083333333333334;-0,392405063291139;10;0;1
"31";"74e96a132e4d98e735571df9de8a0387";"2023-06-14 11:07:50";"2023-06-14 11:12:21";270;1;"weiblich";43;"Tennisspielen";"Obligatorische Schule";"2023-06-14 11:22:13";"2023-06-14 11:23:35";82;0;3;4;5;"SP";NA;"stimme zu";"stimme voll und ganz zu";"stimme zu";"stimme zu";"Gar nicht";"Für circa 1-2 Stunden im letzten Monat";"Für circa 1-2 Stunden im letzten Monat";"Für circa 1-2 Stunden im letzten Monat";"Gar nicht";"20 Minuten";NA;NA;"Nein";NA;"eher repräsentativ";"74e96a132e4d98e735571df9de8a0387";0;0;0,222222222222222;0;0,59375;0,729564553093965;0,866071428571429;0,729054411109835;2,11111111111111;2,11111111111111;4;4;4;9;3;3;1;2;16;16;0;0;1;1;-0,636363636363636;-0,63914373088685;12;0;1
"32";"78341fdccf963109ca77352bd64e30c1";"2023-06-13 11:05:22";"2023-06-13 12:03:57";3514;1;"weiblich";32;"Tennisspielen";"Bachelor/ Master/ Promotion (Dr. / PhD)";"2023-06-13 12:26:47";"2023-06-13 12:33:41";413;1;7;7;7;"Grüne";NA;"stimme voll und ganz zu";"stimme zu";"stimme voll und ganz zu";"stimme zu";"Für circa 1-2 Stunden im letzten Monat";"Für circa 2-3 Stunden im letzten Monat";"Für circa 3-4 Stunden im letzten Monat";"Für circa 3-4 Stunden im letzten Monat";"Für circa 3-4 Stunden im letzten Monat";"20 Minuten,Weltwoche";NA;NA;"Nein";NA;"ein bisschen repräsentativ";"78341fdccf963109ca77352bd64e30c1";0,75;0,375;0,25;0;0,530612244897959;0,690448343079922;0,82312925170068;0,702682673146308;2,10714285714286;2,10714285714286;4;4;4;8;5;2;0;1;14;14;0;1;1;1;0,0410958904109591;-0,586666666666667;10;1;1
"33";"7ada363edc3c43450feb21d7b3defc06";"2023-06-13 19:02:15";"2023-06-13 19:06:45";270;1;"weiblich";30;"Tennisspielen";"Bachelor/ Master/ Promotion (Dr. / PhD)";"2023-06-13 19:18:30";"2023-06-13 19:20:13";103;1;8;8;3;"Grüne";NA;"stimme voll und ganz zu";"stimme voll und ganz zu";"stimme voll und ganz zu";"stimme voll und ganz zu";"Für circa 5-6 Stunden im letzten Monat";"Für circa 5-6 Stunden im letzten Monat";"Für circa 3-4 Stunden im letzten Monat";"Für circa 2-3 Stunden im letzten Monat";"Für circa 5-6 Stunden im letzten Monat";"NZZ ( Neue Zürcher Zeitung) / NZZ am Sonntag,SRF,20 Minuten,Tages-Anzeiger";NA;NA;"Nein";NA;"eher repräsentativ";"7ada363edc3c43450feb21d7b3defc06";0,0454545454545455;0,0454545454545455;0,108225108225108;0,183673469387755;0,136054421768707;0,351059726997406;0,649659863945578;0,767146686816085;3,54978354978355;3,54978354978355;7;7;7;22;10;9;2;1;50;50;0;1;1;1;-0,221434200157607;-0,00108225108225096;10;0;1
"34";"7b15f33c04ba05d87db37b4dbeb45c3a";"2023-06-12 17:49:17";"2023-06-12 17:51:38";140;1;"männlich";21;"Tennisspielen";"Hochschulreife / Matur";"2023-06-12 18:02:43";"2023-06-12 18:04:13";90;1;6;6;1;"SP";NA;"stimme voll und ganz zu";"stimme voll und ganz zu";"stimme voll und ganz zu";"stimme voll und ganz zu";"Gar nicht";"Gar nicht";"Für circa 5-6 Stunden im letzten Monat";"Gar nicht";"Für circa 5-6 Stunden im letzten Monat";NA;NA;NA;"Nein";NA;"ein bisschen unrepräsentativ";"7b15f33c04ba05d87db37b4dbeb45c3a";1,21428571428571;0,428571428571429;0,208791208791209;0,127659574468085;0,189349112426035;0,421120542908061;0,508547008547009;0,489997622636274;6,01098901098901;6,01098901098901;10;4;4;14;10;4;0;0;38;38;0;4;2,57894736842105;1;-0,117647058823539;-0,588424437299036;10;2;0,84
"35";"7d9a8e5d43a837b55322cb4e8d7fbc7c";"2023-06-12 18:52:45";"2023-06-12 18:57:19";274;1;"weiblich";32;"Tennisspielen";"Obligatorische Schule";"2023-06-12 19:06:57";"2023-06-12 19:09:33";155;1;4;6;5;"Keine";NA;"stimme zu";"stimme voll und ganz zu";"stimme eher zu";"stimme eher zu";"Gar nicht";"Für circa 2-3 Stunden im letzten Monat";"Für circa 1-2 Stunden im letzten Monat";"Gar nicht";"Für circa 1-2 Stunden im letzten Monat";NA;NA;NA;"Nein";NA;"ein bisschen repräsentativ";"7d9a8e5d43a837b55322cb4e8d7fbc7c";-0,181818181818182;-0,181818181818182;0,254545454545455;0,230769230769231;0,16;0,237637930673913;0,237777777777778;0,584912715691852;2,45454545454545;2,45454545454545;6;6;6;11;3;5;2;1;28;28;0;2;1;1;0,114355231143553;0,0666666666666655;8;0;1
"36";"7e1d4bf40049c8c1635979b1962c89d1";"2023-06-14 07:44:19";"2023-06-14 07:46:43";144;1;"männlich";69;"Tennisspielen";"Bachelor/ Master/ Promotion (Dr. / PhD)";"2023-06-14 07:54:40";"2023-06-14 07:56:36";115;1;6;8;7;"FDP";NA;"stimme eher zu";"stimme eher nicht zu";"stimme eher zu";"stimme eher zu";"Gar nicht";"Für circa 3-4 Stunden im letzten Monat";"Für circa 3-4 Stunden im letzten Monat";"Für circa 4-5 Stunden im letzten Monat";"Für circa 3-4 Stunden im letzten Monat";"NZZ ( Neue Zürcher Zeitung) / NZZ am Sonntag,baz (Basler Zeitung)";NA;NA;"Nein";NA;"weder unrepräsentativ noch repräsentativ";"7e1d4bf40049c8c1635979b1962c89d1";0,666666666666667;0,222222222222222;0,361111111111111;0,333333333333333;0,15625;0,416891756702681;0,482142857142857;0,465848714460903;2,30555555555556;2,30555555555556;5;4;4;9;3;1;2;3;26;26;0;1;1,15384615384615;1;0,204081632653061;-0,155555555555557;8;0;0,705882352941177
"37";"82fdef44fa03c92c915ae1953d2525ca";"2023-06-13 10:41:45";"2023-06-13 10:47:08";323;1;"männlich";48;"Tennisspielen";"Hochschulreife / Matur";"2023-06-13 10:54:30";"2023-06-13 10:56:34";124;1;7;7;6;"Keine";NA;"stimme eher zu";"stimme eher zu";"stimme zu";"stimme eher zu";"Für circa 1-2 Stunden im letzten Monat";"Für circa 1-2 Stunden im letzten Monat";"Für circa 1-2 Stunden im letzten Monat";"Gar nicht";"Gar nicht";NA;NA;NA;"Nein";NA;"eher repräsentativ";"82fdef44fa03c92c915ae1953d2525ca";0,375;0,25;0,357142857142857;0,25;0,571428571428571;0,700703463203463;0,655328798185941;0,593376492926791;1,75;1,75;3;3;3;8;4;2;1;1;20;20;0;1;1;1;-0,159420289855072;-0,574074074074074;12;0;1
"38";"86f09236c16f2cd24fc82fd3c0a4a93a";"2023-06-13 14:50:53";"2023-06-13 14:54:15";202;1;"männlich";52;"Tennisspielen";"Hochschulreife / Matur";"2023-06-13 15:00:45";"2023-06-13 15:02:07";82;1;5;6;6;"Keine";NA;"stimme nicht zu";"stimme eher zu";"stimme eher zu";"stimme eher zu";"Für circa 1-2 Stunden im letzten Monat";"Für circa 1-2 Stunden im letzten Monat";"Für circa 1-2 Stunden im letzten Monat";"Für circa 1-2 Stunden im letzten Monat";"Gar nicht";"NZZ ( Neue Zürcher Zeitung) / NZZ am Sonntag,SRF,20 Minuten,Tages-Anzeiger";NA;NA;"Nein";NA;"sehr unrepräsentativ";"86f09236c16f2cd24fc82fd3c0a4a93a";0;0;0,222222222222222;0;0,171875;0,356142951251647;0,486607142857143;0,564859638344889;2,72222222222222;2,72222222222222;6;6;6;9;0;0;1;8;16;16;0;0;1;1;NA;-0,230769230769231;6;0;1
"39";"8e64dcc8c492025124b2a9fb85dcc93f";"2023-06-13 11:56:38";"2023-06-13 12:03:12";394;1;"männlich";71;"Tennisspielen";"Obligatorische Schule";"2023-06-13 12:12:04";"2023-06-13 12:14:35";151;0;4;4;10;"SVP";NA;"stimme eher nicht zu";"stimme eher zu";"stimme eher nicht zu";"stimme eher nicht zu";"Gar nicht";"Für circa 1-2 Stunden im letzten Monat";"Für circa 1-2 Stunden im letzten Monat";"Gar nicht";"Gar nicht";NA;NA;NA;"Nein";NA;"weder unrepräsentativ noch repräsentativ";"8e64dcc8c492025124b2a9fb85dcc93f";1,4;0,7;0,377777777777778;0,403846153846154;0,444444444444444;0,563785173160173;0,380658436213992;0,557465335651393;1,77777777777778;1,77777777777778;4;4;4;10;8;1;1;0;34;34;0;1;1;1;-0,157068062827224;-0,270668176670441;14;0;1
"40";"8f44f76ce6e26208f7345c83e5ea0e55";"2023-06-13 14:30:38";"2023-06-13 14:33:58";199;1;"weiblich";43;"Tennisspielen";"Bachelor/ Master/ Promotion (Dr. / PhD)";"2023-06-13 14:46:24";"2023-06-13 14:47:59";95;1;6;6;4;"FDP";NA;"stimme zu";"stimme zu";"stimme voll und ganz zu";"stimme zu";"Für circa 1-2 Stunden im letzten Monat";"Für circa 4-5 Stunden im letzten Monat";"Für circa 2-3 Stunden im letzten Monat";"Für circa 3-4 Stunden im letzten Monat";"Für circa 1-2 Stunden im letzten Monat";"SRF,Andere Regionale Zeitungen";NA;NA;"Nein";NA;"weder unrepräsentativ noch repräsentativ";"8f44f76ce6e26208f7345c83e5ea0e55";-0,6;-0,4;0,133333333333333;0;0,239795918367347;0,323483264736083;0,590266875981162;0,667957985972074;3,40952380952381;3,40952380952381;6;6;6;15;3;9;3;0;28;28;0;0;1;1;0,493975903614457;-0,721040189125295;2;0;0,704545454545455
"41";"90bbd3ced2d3783563a4e6b38b75e5f3";"2023-06-13 14:15:16";"2023-06-13 14:18:20";184;1;"weiblich";63;"Tennisspielen";"Obligatorische Schule";"2023-06-13 14:20:36";"2023-06-13 14:21:23";46;0;1;1;10;"andere Partei";"EDU";"stimme überhaupt nicht zu";"stimme überhaupt nicht zu";"stimme überhaupt nicht zu";"stimme überhaupt nicht zu";"Gar nicht";"Gar nicht";"Gar nicht";"Gar nicht";"Gar nicht";NA;NA;NA;"Nein";NA;"ein bisschen unrepräsentativ";"90bbd3ced2d3783563a4e6b38b75e5f3";-0,875;-0,375;0,392857142857143;0,260869565217391;0,36734693877551;0,506469456469456;0,421768707482993;0,532774842045631;1,78571428571429;1,78571428571429;3;3;3;8;1;4;2;1;22;22;0;2;1;1;-0,0210970464135024;-0,222222222222222;10;0;1
"42";"97936272d68cf7588e466f49bfbc645b";"2023-06-13 12:30:48";"2023-06-13 12:34:12";203;1;"männlich";65;"Tennisspielen";"Bachelor/ Master/ Promotion (Dr. / PhD)";"2023-06-13 12:45:19";"2023-06-13 12:47:31";131;0;4;1;5;"Keine";NA;"stimme überhaupt nicht zu";"stimme eher nicht zu";"stimme eher nicht zu";"stimme nicht zu";"Gar nicht";"Gar nicht";"Für circa 1-2 Stunden im letzten Monat";"Für circa 1-2 Stunden im letzten Monat";"Gar nicht";"baz (Basler Zeitung)";NA;NA;"Ja, und zwar";"Ich halte nicht viel von ""Mind-Maps""";"ein bisschen repräsentativ";"97936272d68cf7588e466f49bfbc645b";0,2;0;0,2;0;0,271604938271605;0,538125763125763;0,712962962962963;0,674306090567001;2,53333333333333;2,53333333333333;4;4;4;10;2;2;1;5;18;18;0;0;1;1;-6,66133814775094e-16;-0,0909090909090906;8;0;1
"43";"99c9d92758e0fab9311dff1ce7d73a95";"2023-06-12 21:02:28";"2023-06-12 21:29:54";1645;1;"männlich";45;"Tennisspielen";"Hochschulreife / Matur";"2023-06-12 21:41:44";"2023-06-12 21:46:10";266;1;8;7;4;"GLP";NA;"stimme zu";"stimme voll und ganz zu";"stimme voll und ganz zu";"stimme voll und ganz zu";"Für circa 2-3 Stunden im letzten Monat";"Für circa 1-2 Stunden im letzten Monat";"Für circa 2-3 Stunden im letzten Monat";"Für circa 4-5 Stunden im letzten Monat";"Für circa 1-2 Stunden im letzten Monat";"NZZ ( Neue Zürcher Zeitung) / NZZ am Sonntag,SRF,20 Minuten,Blick,Tages-Anzeiger";NA;NA;"Nein";NA;"eher repräsentativ";"99c9d92758e0fab9311dff1ce7d73a95";1,11111111111111;0,333333333333333;0,527777777777778;0,616438356164384;0,53125;0,733516483516484;0,412946428571429;0,476570715652026;1,47222222222222;1,47222222222222;2;2;2;9;5;2;1;1;38;38;0;0;1;1;0,0763888888888877;-0,357142857142858;16;0;1
"44";"9d1e23a5e9275d067baa8e0b55130efc";"2023-06-12 20:53:09";"2023-06-12 20:55:03";114;1;"männlich";39;"Tennisspielen";"Bachelor/ Master/ Promotion (Dr. / PhD)";"2023-06-12 20:57:11";"2023-06-12 20:58:49";98;1;8;8;5;"GLP";NA;"stimme voll und ganz zu";"stimme voll und ganz zu";"stimme voll und ganz zu";"stimme voll und ganz zu";"Für circa 3-4 Stunden im letzten Monat";"Für circa 3-4 Stunden im letzten Monat";"Für circa 2-3 Stunden im letzten Monat";"Für circa 3-4 Stunden im letzten Monat";"Für circa 3-4 Stunden im letzten Monat";"20 Minuten";NA;NA;"Nein";NA;"ein bisschen unrepräsentativ";"9d1e23a5e9275d067baa8e0b55130efc";0;0;0,2;0;0,888888888888889;1;1;0,75;1,8;1,8;2;2;2;10;0;0;10;0;18;18;0;0;1;1;NA;-1;18;0;1
"45";"9ff2f6c4d0170beaa21f17806cb524a9";"2023-06-13 08:28:15";"2023-06-13 09:10:51";2555;1;"weiblich";35;"Tennisspielen";"Hochschulreife / Matur";"2023-06-13 09:24:40";"2023-06-13 09:40:21";940;1;8;7;2;"SP";NA;"stimme voll und ganz zu";"stimme voll und ganz zu";"stimme voll und ganz zu";"stimme voll und ganz zu";"Für circa 1-2 Stunden im letzten Monat";"Für circa 1-2 Stunden im letzten Monat";"Gar nicht";"Für circa 1-2 Stunden im letzten Monat";"Für circa 1-2 Stunden im letzten Monat";"20 Minuten,BZ (Berner Zeitung) / der Bund,Tages-Anzeiger";NA;NA;"Nein";NA;"eher repräsentativ";"9ff2f6c4d0170beaa21f17806cb524a9";0,4;0,2;0,2;0;0,148148148148148;0,184039790618738;0,268518518518519;0,461137131540278;3,51111111111111;3,51111111111111;8;8;8;10;2;0;3;5;18;18;0;0;1;1;-0,2;-0,666666666666667;4;0;1
"46";"a61d58375b7761ae849e97bbcbb73573";"2023-06-13 07:29:20";"2023-06-13 07:34:39";319;1;"männlich";27;"Tennisspielen";"Bachelor/ Master/ Promotion (Dr. / PhD)";"2023-06-13 07:40:05";"2023-06-13 07:41:39";93;1;5;6;4;"Die Mitte";NA;"stimme zu";"stimme zu";"stimme zu";"stimme zu";"Für circa 2-3 Stunden im letzten Monat";"Für circa 3-4 Stunden im letzten Monat";"Für circa 1-2 Stunden im letzten Monat";"Für circa 2-3 Stunden im letzten Monat";"Für circa 1-2 Stunden im letzten Monat";"NZZ ( Neue Zürcher Zeitung) / NZZ am Sonntag,SRF,Luzerner Zeitung";NA;NA;"Nein";NA;"eher repräsentativ";"a61d58375b7761ae849e97bbcbb73573";0,857142857142857;0,428571428571429;0,175824175824176;0;0,224852071005917;0,345934979981033;0,328665351742275;0,561923312919529;2,68131868131868;2,68131868131868;5;5;5;14;9;3;2;0;32;32;0;4;1;1;0;-0,560975609756098;4;0;0,8
"47";"ac15dee989668d773fb2809e3b55de52";"2023-06-13 19:46:53";"2023-06-13 19:50:07";193;1;"männlich";49;"Tennisspielen";"Obligatorische Schule";"2023-06-13 20:02:58";"2023-06-13 20:04:22";84;1;6;7;5;"Die Mitte";NA;"stimme zu";"stimme zu";"stimme zu";"stimme zu";"Gar nicht";"Gar nicht";"Gar nicht";"Gar nicht";"Gar nicht";NA;NA;NA;"Nein";NA;"ein bisschen repräsentativ";"ac15dee989668d773fb2809e3b55de52";0,444444444444444;0,111111111111111;0,222222222222222;0;0,171875;0,298167856484286;0,397321428571429;0,458570949575274;3,16666666666667;3,16666666666667;7;6;6;9;5;4;0;0;16;16;0;3;1,125;1;0,127272727272727;-0,435897435897436;6;3;0,941176470588235
"48";"ae37c14196d631d19d43391992ea2396";"2023-06-12 19:16:18";"2023-06-12 19:18:54";155;1;"männlich";41;"Tennisspielen";"Bachelor/ Master/ Promotion (Dr. / PhD)";"2023-06-12 19:26:36";"2023-06-12 19:28:40";123;1;5;6;6;"andere Partei";"linker Flügel FDP";"stimme zu";"stimme zu";"stimme zu";"stimme eher zu";"Für circa 3-4 Stunden im letzten Monat";"Für circa 5-6 Stunden im letzten Monat";"Für circa 2-3 Stunden im letzten Monat";"Für circa 5-6 Stunden im letzten Monat";"Gar nicht";"NZZ ( Neue Zürcher Zeitung) / NZZ am Sonntag,SRF,20 Minuten,Blick,baz (Basler Zeitung),Andere Regionale Zeitungen";"Watson";NA;"Ja, und zwar";"Bedienung war schwieriger als angenommen";"ein bisschen repräsentativ";"ae37c14196d631d19d43391992ea2396";0;-0,125;0,285714285714286;0,272727272727273;0,163265306122449;0,334828548644338;0,285714285714286;0,543536841025322;2,35714285714286;2,35714285714286;5;5;5;8;1;2;4;1;16;16;0;0;1;1;-0,5;0,179487179487179;6;0;1
"49";"af7585149f2e8cd9340f76bd82f535da";"2023-06-13 10:05:32";"2023-06-13 10:13:18";466;1;"weiblich";27;"Tennisspielen";"Bachelor/ Master/ Promotion (Dr. / PhD)";"2023-06-13 10:24:02";"2023-06-13 10:25:30";88;1;6;6;5;"SP";NA;"stimme zu";"stimme zu";"stimme zu";"stimme zu";"Für circa 4-5 Stunden im letzten Monat";"Für circa 5-6 Stunden im letzten Monat";"Für circa 4-5 Stunden im letzten Monat";"Für circa 4-5 Stunden im letzten Monat";"Für circa 5-6 Stunden im letzten Monat";"NZZ ( Neue Zürcher Zeitung) / NZZ am Sonntag,20 Minuten,St.Galler Tagblatt,Weltwoche";NA;NA;"Nein";NA;"ein bisschen repräsentativ";"af7585149f2e8cd9340f76bd82f535da";2;0,888888888888889;0,222222222222222;0;0,3125;0,54745486711431;0,700892857142857;0,658756228911862;2,38888888888889;2,38888888888889;4;4;4;9;8;0;1;0;16;16;0;0;1;1;-0,333333333333333;-0,28735632183908;8;0;1
"50";"b8d24f6f79ec532ffb9e552df33fcd34";"2023-06-12 17:56:47";"2023-06-12 18:01:30";282;1;"weiblich";31;"Tennisspielen";"Bachelor/ Master/ Promotion (Dr. / PhD)";"2023-06-12 18:08:46";"2023-06-12 18:10:30";103;1;7;8;4;"Grüne";NA;"stimme voll und ganz zu";"stimme voll und ganz zu";"stimme zu";"stimme zu";"Für circa 1-2 Stunden im letzten Monat";"Für circa 2-3 Stunden im letzten Monat";"Gar nicht";"Für circa 1-2 Stunden im letzten Monat";"Gar nicht";"NZZ ( Neue Zürcher Zeitung) / NZZ am Sonntag";NA;NA;"Nein";NA;"eher repräsentativ";"b8d24f6f79ec532ffb9e552df33fcd34";0,111111111111111;-0,111111111111111;0,361111111111111;0,428571428571429;0,71875;0,891679748822606;0,801339285714286;0,619583075098413;1,63888888888889;1,63888888888889;2;2;2;9;3;4;2;0;26;26;0;0;1;1;0,111111111111111;-0,575757575757576;16;0;1
"51";"b8d8f68fcd2d8a1e108f70d84134a511";"2023-06-13 14:42:28";"2023-06-13 14:45:41";193;1;"männlich";42;"Tennisspielen";"Bachelor/ Master/ Promotion (Dr. / PhD)";"2023-06-13 14:48:15";"2023-06-13 14:49:09";53;1;8;8;10;"GLP";NA;"stimme voll und ganz zu";"stimme voll und ganz zu";"stimme voll und ganz zu";"stimme voll und ganz zu";"Für mehr als 7 Stunden im letzten Monat";"Für mehr als 7 Stunden im letzten Monat";"Für mehr als 7 Stunden im letzten Monat";"Für mehr als 7 Stunden im letzten Monat";"Für mehr als 7 Stunden im letzten Monat";"NZZ ( Neue Zürcher Zeitung) / NZZ am Sonntag,BZ (Berner Zeitung) / der Bund,baz (Basler Zeitung),Nordwestschweiz,Tages-Anzeiger";NA;NA;"Nein";NA;"sehr repräsentativ";"b8d8f68fcd2d8a1e108f70d84134a511";0,777777777777778;0,222222222222222;0,222222222222222;0;0,875;1;1;0,738796125036258;1,77777777777778;1,77777777777778;2;2;2;9;5;3;1;0;16;16;0;0;1;1;-0,849246231155779;-1;16;0;1
"52";"bd57643f9c34fc4f9857e7836c51e7f3";"2023-06-12 17:45:30";"2023-06-12 17:54:44";554;1;"männlich";29;"Tennisspielen";"Hochschulreife / Matur";"2023-06-12 18:06:45";"2023-06-12 18:09:56";191;1;7;6;5;"SVP";NA;"stimme zu";"stimme voll und ganz zu";"stimme voll und ganz zu";"stimme zu";"Für circa 2-3 Stunden im letzten Monat";"Für circa 6-7 Stunden im letzten Monat";"Für circa 2-3 Stunden im letzten Monat";"Für circa 3-4 Stunden im letzten Monat";"Für circa 2-3 Stunden im letzten Monat";"NZZ ( Neue Zürcher Zeitung) / NZZ am Sonntag,SRF,20 Minuten,Blick";NA;NA;"Nein";NA;"sehr repräsentativ";"bd57643f9c34fc4f9857e7836c51e7f3";0,333333333333333;0;0,171428571428571;0,225;0,198979591836735;0,437760063345491;0,57182103610675;0,665917163290664;2,7047619047619;2,7047619047619;5;5;5;15;6;6;3;0;36;36;0;2;1;1;0,280846063454758;-0,0654911838790935;10;0;1
"53";"c4c74ffd6cadc1c1a003799abe7820cd";"2023-06-12 19:21:57";"2023-06-12 19:27:07";310;1;"weiblich";20;"Tennisspielen";"Obligatorische Schule";"2023-06-12 19:31:16";"2023-06-12 19:32:21";65;1;7;8;5;"Die Mitte";NA;"stimme voll und ganz zu";"stimme voll und ganz zu";"stimme voll und ganz zu";"stimme voll und ganz zu";"Für circa 1-2 Stunden im letzten Monat";"Für circa 1-2 Stunden im letzten Monat";"Für circa 2-3 Stunden im letzten Monat";"Gar nicht";"Gar nicht";NA;NA;NA;"Nein";NA;"ein bisschen repräsentativ";"c4c74ffd6cadc1c1a003799abe7820cd";1,11111111111111;0,555555555555556;0,305555555555556;0,36;0,5;0,661071513625693;0,747767857142857;0,642386458181138;1,97222222222222;1,97222222222222;3;3;3;9;5;0;3;1;22;22;0;0;1;1;-0,272727272727273;-0,521276595744681;12;0;1
"54";"c715fac85a74b8d3bbc16178273a870d";"2023-06-13 12:29:55";"2023-06-13 12:34:52";296;1;"männlich";60;"Tennisspielen";"Obligatorische Schule";"2023-06-13 12:45:50";"2023-06-13 12:47:57";126;1;7;8;3;"Grüne";NA;"stimme voll und ganz zu";"stimme voll und ganz zu";"stimme zu";"stimme voll und ganz zu";"Für circa 2-3 Stunden im letzten Monat";"Für circa 1-2 Stunden im letzten Monat";"Gar nicht";"Für circa 1-2 Stunden im letzten Monat";"Gar nicht";"SRF";NA;NA;"Nein";NA;"ein bisschen repräsentativ";"c715fac85a74b8d3bbc16178273a870d";0,866666666666667;0,533333333333333;0,219047619047619;0,347826086956522;0,224489795918367;0,417616889854638;0,413657770800628;0,558622354813482;2,36190476190476;2,36190476190476;4;4;4;15;9;1;5;0;46;46;0;3;1,17391304347826;1;0,159268929503916;-0,158730158730159;10;2;0,916666666666667
"55";"ca955d9556e60252a4535dd4f347f9a4";"2023-06-13 10:42:02";"2023-06-13 10:46:41";279;1;"weiblich";18;"Tennisspielen";"Obligatorische Schule";"2023-06-13 10:51:16";"2023-06-13 10:53:02";106;0;4;3;4;"SP";NA;"stimme überhaupt nicht zu";"stimme eher nicht zu";"stimme eher zu";"stimme eher zu";"Gar nicht";"Für circa 1-2 Stunden im letzten Monat";"Für circa 1-2 Stunden im letzten Monat";"Für circa 1-2 Stunden im letzten Monat";"Gar nicht";"20 Minuten,Blick";NA;NA;"Nein";NA;"ein bisschen repräsentativ";"ca955d9556e60252a4535dd4f347f9a4";-0,125;0;0,25;0;0,857142857142857;1;1;0,725708114822568;1,75;1,75;2;2;2;8;3;3;1;1;14;14;0;3;1;1;-0,466666666666667;-1;14;1;1
"56";"cadf87c5e83ba125f8dd214c0caa48b6";"2023-06-13 13:58:22";"2023-06-13 14:06:39";496;1;"weiblich";66;"Tennisspielen";"Bachelor/ Master/ Promotion (Dr. / PhD)";"2023-06-13 14:22:04";"2023-06-13 14:24:21";136;1;7;7;5;"GLP";NA;"stimme voll und ganz zu";"stimme voll und ganz zu";"stimme voll und ganz zu";"stimme voll und ganz zu";"Für circa 2-3 Stunden im letzten Monat";"Für circa 3-4 Stunden im letzten Monat";"Für circa 3-4 Stunden im letzten Monat";"Für circa 4-5 Stunden im letzten Monat";"Für circa 1-2 Stunden im letzten Monat";"SRF,Tages-Anzeiger";NA;NA;"Nein";NA;"eher repräsentativ";"cadf87c5e83ba125f8dd214c0caa48b6";0;0;0,4;0,457627118644068;0,54320987654321;0,688095238095238;0,501028806584362;0,578139593080404;1,68888888888889;1,68888888888889;3;3;3;10;4;4;2;0;36;36;0;5;1;1;-0,0379362670713207;-0,269654665686995;16;2;1
"57";"cdcfd31328fe1005bab201e5af696b1e";"2023-06-15 14:04:56";"2023-06-15 14:10:06";309;1;"weiblich";42;"Tennisspielen";"Hochschulreife / Matur";"2023-06-15 14:22:43";"2023-06-15 14:24:49";126;1;6;6;6;"Keine";NA;"stimme zu";"stimme zu";"stimme voll und ganz zu";"stimme voll und ganz zu";"Für circa 1-2 Stunden im letzten Monat";"Für circa 1-2 Stunden im letzten Monat";"Gar nicht";"Für circa 1-2 Stunden im letzten Monat";"Für circa 3-4 Stunden im letzten Monat";"20 Minuten,Blick";NA;NA;"Nein";NA;"eher repräsentativ";"cdcfd31328fe1005bab201e5af696b1e";-0,230769230769231;-0,153846153846154;0,153846153846154;0;0,555555555555556;0,666228354978355;0,842171717171717;0,763327040522622;2,28205128205128;2,28205128205128;4;4;4;13;4;6;3;0;24;24;0;0;1;1;-0,541284403669724;-0,656088560885609;16;0;1
"58";"d07c8e9625c43b7dab732f3abf4abeeb";"2023-06-13 13:11:18";"2023-06-13 13:15:03";224;1;"weiblich";56;"Tennisspielen";"Hochschulreife / Matur";"2023-06-13 13:17:59";"2023-06-13 13:19:11";72;1;5;6;5;"Keine";NA;"stimme eher nicht zu";"stimme zu";"stimme zu";"stimme zu";"Gar nicht";"Für circa 5-6 Stunden im letzten Monat";"Gar nicht";"Für circa 5-6 Stunden im letzten Monat";"Gar nicht";"SRF,Andere Regionale Zeitungen";"OT";NA;"Nein";NA;"eher repräsentativ";"d07c8e9625c43b7dab732f3abf4abeeb";0;0;0,5;0,51219512195122;0,244897959183673;0,280555555555556;0,160997732426304;0,301486445904763;1,53571428571429;1,53571428571429;3;3;3;8;0;0;8;0;28;28;0;0;1;1;NA;-0,417721518987341;8;0;0,9
"59";"d17300c24868b6ca9aa3d9bc8bba7911";"2023-06-14 10:47:45";"2023-06-14 10:51:36";230;1;"männlich";51;"Tennisspielen";"Bachelor/ Master/ Promotion (Dr. / PhD)";"2023-06-14 11:01:29";"2023-06-14 11:03:39";130;1;7;8;6;"GLP";NA;"stimme voll und ganz zu";"stimme voll und ganz zu";"stimme voll und ganz zu";"stimme voll und ganz zu";"Gar nicht";"Für circa 2-3 Stunden im letzten Monat";"Gar nicht";"Für circa 1-2 Stunden im letzten Monat";"Gar nicht";"SRF,Blick,Tages-Anzeiger";NA;NA;"Nein";NA;"sehr repräsentativ";"d17300c24868b6ca9aa3d9bc8bba7911";0,363636363636364;0,0909090909090909;0,181818181818182;0;0,24;0,475952380952381;0,626666666666667;0,61672336191298;2,47272727272727;2,47272727272727;4;4;4;11;5;4;1;1;20;20;0;1;1;1;0,282868525896414;-0,666666666666666;8;0;1
"60";"d1b5c35aa5936466154d66c536c90483";"2023-06-13 09:07:00";"2023-06-13 09:08:56";115;1;"weiblich";20;"Tennisspielen";"Obligatorische Schule";"2023-06-13 09:13:44";"2023-06-13 09:15:16";92;0;4;4;5;"Keine";NA;"stimme eher nicht zu";"stimme eher zu";"stimme eher zu";"stimme eher zu";"Für circa 1-2 Stunden im letzten Monat";"Für circa 2-3 Stunden im letzten Monat";"Für circa 2-3 Stunden im letzten Monat";"Für circa 2-3 Stunden im letzten Monat";"Für circa 2-3 Stunden im letzten Monat";"NZZ ( Neue Zürcher Zeitung) / NZZ am Sonntag,20 Minuten,Blick";NA;NA;"Nein";NA;"eher repräsentativ";"d1b5c35aa5936466154d66c536c90483";-0,111111111111111;0;0,222222222222222;0;0,3125;0,356423346979374;0,566964285714286;0,684882525763461;2,72222222222222;2,72222222222222;6;6;6;9;4;4;1;0;16;16;0;0;1;1;0,329341317365269;-0,473684210526316;8;0;1
"61";"d78ff7f3aa386af26a9686044339f164";"2023-06-13 11:37:59";"2023-06-13 11:43:17";318;1;"männlich";18;"Tennisspielen";"Obligatorische Schule";"2023-06-13 11:48:32";"2023-06-13 11:51:06";154;0;5;5;5;"SVP";NA;"stimme eher zu";"stimme voll und ganz zu";"stimme zu";"stimme zu";"Für circa 2-3 Stunden im letzten Monat";"Für circa 1-2 Stunden im letzten Monat";"Für circa 1-2 Stunden im letzten Monat";"Für circa 1-2 Stunden im letzten Monat";"Für circa 1-2 Stunden im letzten Monat";"SRF";NA;NA;"Nein";NA;"weder unrepräsentativ noch repräsentativ";"d78ff7f3aa386af26a9686044339f164";-0,333333333333333;-0,222222222222222;0,222222222222222;0;0,453125;0,639057500470544;0,799107142857143;0,711167101520985;2,27777777777778;2,27777777777778;4;4;4;9;3;5;1;0;16;16;0;0;1;1;-0,230769230769231;-0,417142857142857;10;0;1
"62";"e33ef810d536a88167520511d8f26ecf";"2023-06-15 20:59:14";"2023-06-15 21:04:59";344;1;"weiblich";51;"Tennisspielen";"Bachelor/ Master/ Promotion (Dr. / PhD)";"2023-06-15 21:12:20";"2023-06-15 21:13:40";79;1;8;8;4;"Grüne";NA;"stimme zu";"stimme zu";"stimme voll und ganz zu";"stimme voll und ganz zu";"Für circa 3-4 Stunden im letzten Monat";"Für circa 2-3 Stunden im letzten Monat";"Für circa 1-2 Stunden im letzten Monat";"Gar nicht";"Gar nicht";NA;NA;NA;"Nein";NA;"eher repräsentativ";"e33ef810d536a88167520511d8f26ecf";0,444444444444444;0,111111111111111;0,222222222222222;0;0,59375;0,729564553093965;0,866071428571429;0,729054411109835;2,11111111111111;2,11111111111111;4;4;4;9;3;2;2;2;16;16;0;1;1;1;-0,384615384615385;-0,63914373088685;12;0;1
"63";"e4926954d0ea8da4f34a459c01f52412";"2023-06-13 10:14:57";"2023-06-13 10:17:01";124;1;"männlich";36;"Tennisspielen";"Hochschulreife / Matur";"2023-06-13 10:19:03";"2023-06-13 10:19:46";42;0;2;4;6;"SVP";NA;"stimme eher nicht zu";"stimme eher nicht zu";"stimme eher zu";"stimme nicht zu";"Gar nicht";"Für circa 3-4 Stunden im letzten Monat";"Gar nicht";"Für circa 1-2 Stunden im letzten Monat";"Gar nicht";"Blick";NA;NA;"Nein";NA;"ein bisschen unrepräsentativ";"e4926954d0ea8da4f34a459c01f52412";-0,888888888888889;-0,444444444444444;0,222222222222222;0;0,875;1;1;0,738796125036258;1,77777777777778;1,77777777777778;2;2;2;9;2;6;1;0;16;16;0;0;1;1;-0,806451612903226;-1;16;0;1
"64";"efb93cb61305c50f831dd6641d3938b7";"2023-06-12 18:02:54";"2023-06-12 18:06:06";191;1;"männlich";31;"Tennisspielen";"Bachelor/ Master/ Promotion (Dr. / PhD)";"2023-06-12 18:07:59";"2023-06-12 18:09:32";93;1;6;6;8;"Keine";NA;"stimme voll und ganz zu";"stimme voll und ganz zu";"stimme voll und ganz zu";"stimme zu";"Für circa 1-2 Stunden im letzten Monat";"Gar nicht";"Gar nicht";"Gar nicht";"Für circa 1-2 Stunden im letzten Monat";NA;NA;NA;"Nein";NA;"etwas unrepräsentativ";"efb93cb61305c50f831dd6641d3938b7";0;0,125;0,392857142857143;0,321428571428571;0,530612244897959;0,619101731601732;0,530612244897959;0,555520374745845;1,64285714285714;1,64285714285714;3;3;3;8;2;1;5;0;22;22;0;1;1;1;-0,325301204819278;-0,57593123209169;12;0;1
"65";"f3751885f5e83baaeea3036e3a4e971a";"2023-06-13 10:49:21";"2023-06-13 10:59:39";617;1;"weiblich";37;"Tennisspielen";"Hochschulreife / Matur";"2023-06-13 11:09:27";"2023-06-13 11:13:02";215;0;3;3;5;"FDP";NA;"stimme eher nicht zu";"stimme eher nicht zu";"stimme eher nicht zu";"stimme eher nicht zu";"Für circa 3-4 Stunden im letzten Monat";"Für circa 4-5 Stunden im letzten Monat";"Für circa 3-4 Stunden im letzten Monat";"Für circa 4-5 Stunden im letzten Monat";"Für circa 3-4 Stunden im letzten Monat";"NZZ ( Neue Zürcher Zeitung) / NZZ am Sonntag,SRF,Weltwoche,Andere";NA;"Swissquote";"Nein";NA;"eher repräsentativ";"f3751885f5e83baaeea3036e3a4e971a";0,375;0,25;0,25;0;0,204081632653061;0,48881294144452;0,605442176870748;0,580797241335241;2,39285714285714;2,39285714285714;4;4;4;8;4;2;1;1;14;14;0;0;1;1;0,176470588235294;-0,235294117647058;6;0;1
"66";"f4681aafe78cd242d2eb60a9194e9b00";"2023-06-12 22:48:22";"2023-06-12 22:55:37";434;1;"weiblich";48;"Tennisspielen";"Hochschulreife / Matur";"2023-06-12 23:07:45";"2023-06-12 23:09:44";119;1;7;7;4;"SP";NA;"stimme voll und ganz zu";"stimme voll und ganz zu";"stimme voll und ganz zu";"stimme voll und ganz zu";"Für circa 1-2 Stunden im letzten Monat";"Für circa 1-2 Stunden im letzten Monat";"Gar nicht";"Für circa 1-2 Stunden im letzten Monat";"Für circa 1-2 Stunden im letzten Monat";"20 Minuten,Blick";NA;NA;"Nein";NA;"ein bisschen repräsentativ";"f4681aafe78cd242d2eb60a9194e9b00";0,4;0,2;0,2;0;0,888888888888889;1;1;0,75;1,8;1,8;2;2;2;10;5;3;1;1;18;18;0;0;1;1;-0,689795918367348;-1;18;0;1
"67";"f7f32b56aa05199183f535fb3b5039a7";"2023-06-13 10:38:42";"2023-06-13 10:41:44";181;1;"männlich";53;"Tennisspielen";"Bachelor/ Master/ Promotion (Dr. / PhD)";"2023-06-13 10:47:34";"2023-06-13 10:49:16";102;0;5;1;10;"SVP";NA;"stimme eher zu";"stimme voll und ganz zu";"stimme zu";"stimme zu";"Gar nicht";"Gar nicht";"Gar nicht";"Gar nicht";"Gar nicht";NA;NA;NA;"Nein";NA;"ein bisschen unrepräsentativ";"f7f32b56aa05199183f535fb3b5039a7";-0,888888888888889;-0,222222222222222;0,222222222222222;0;0,875;1;1;0,738796125036259;1,77777777777778;1,77777777777778;2;2;2;9;3;5;1;0;16;16;0;0;1;1;-0,801324503311258;-1;16;0;1
"68";"f86b9e6636c083610a327a3511ca4064";"2023-06-12 17:46:28";"2023-06-12 17:48:59";150;1;"männlich";24;"Tennisspielen";"Hochschulreife / Matur";"2023-06-12 17:51:38";"2023-06-12 17:53:02";84;0;5;3;6;"Die Mitte";NA;"stimme überhaupt nicht zu";"stimme nicht zu";"stimme eher zu";"stimme eher zu";"Für circa 2-3 Stunden im letzten Monat";"Für circa 2-3 Stunden im letzten Monat";"Für circa 1-2 Stunden im letzten Monat";"Für circa 5-6 Stunden im letzten Monat";"Für circa 4-5 Stunden im letzten Monat";"SRF,20 Minuten,Blick";NA;NA;"Ja, und zwar";"die Kästen liessen sich zum Teil nicht direkt miteinander verbinden.";"eher repräsentativ";"f86b9e6636c083610a327a3511ca4064";-0,5;-0,25;0,25;0;0,36734693877551;0,350793650793651;0,557823129251701;0,609635267260182;2,35714285714286;2,35714285714286;4;4;4;8;1;3;4;0;14;14;0;1;1;1;-0,458333333333332;-0,866666666666667;6;0;0,857142857142857
"69";"fc73aab98a66cf1e1c955bb6b5878ed2";"2023-06-13 15:19:45";"2023-06-13 15:27:39";474;1;"weiblich";54;"Tennisspielen";"Hochschulreife / Matur";"2023-06-13 15:32:31";"2023-06-13 15:34:05";94;1;5;6;5;"Die Mitte";NA;"stimme zu";"stimme voll und ganz zu";"stimme zu";"stimme voll und ganz zu";"Gar nicht";"Für circa 1-2 Stunden im letzten Monat";"Gar nicht";"Für circa 2-3 Stunden im letzten Monat";"Gar nicht";"SRF";NA;NA;"Nein";NA;"ein bisschen repräsentativ";"fc73aab98a66cf1e1c955bb6b5878ed2";0;0;0,25;0,1;0,84375;0,979591836734694;0,964285714285714;0,714285714285714;1,75;1,75;2;2;2;9;4;4;1;0;18;18;0;0;1;1;-0,451612903225806;-0,867346938775511;16;0;1
